player_id,primary_cluster,prob_cluster_0,prob_cluster_1,prob_cluster_2,prob_cluster_3,prob_cluster_4,prob_cluster_5,prob_cluster_6,prob_cluster_7,prob_cluster_8,prob_cluster_9
7948,7,0.0,5.747145938670358e-64,0.0,2.0623976167731026e-07,0.0,5.5499565454567674e-297,0.0,0.9999997937602387,0.0,0.0
19526,8,0.0,4.2290929249071605e-110,5.355273049863311e-82,1.3534438467040087e-165,8.950690165612296e-247,1.7162910094250297e-18,3.340816714456491e-279,1.3939021176977907e-280,1.0,1.1169781812915913e-209
27085,6,0.0,0.0,3.697048578545044e-47,0.0,1.386275693593298e-82,0.0,1.0,0.0,4.616160450936248e-142,3.6840395456079896e-25
27205,3,0.0,2.2095105257537096e-189,0.0,1.0,0.0,0.0,0.0,2.965342442948812e-62,0.0,0.0
28980,6,0.0,0.0,1.097818006919426e-49,0.0,1.9582275975085373e-80,0.0,1.0,0.0,6.0829464097271355e-146,1.860872450338979e-23
30483,1,0.0,1.0,0.0,5.961881169041094e-53,0.0,5.204514763103368e-69,0.0,2.2741555921458725e-30,7.691082734458344e-219,0.0
36559,1,0.0,1.0,0.0,2.0167007064189117e-65,0.0,1.4159815507096086e-37,0.0,4.9441911519124315e-52,7.368734770143236e-162,0.0
38703,9,7.182228522128606e-302,0.0,2.8982203411739506e-119,0.0,3.107613058167628e-46,0.0,8.206504965475073e-22,0.0,8.676374188491159e-238,1.0
42335,1,0.0,1.0,0.0,1.0160919373083844e-49,0.0,5.661118422789505e-76,0.0,8.586028740063664e-26,9.539496236842905e-232,0.0
43196,6,0.0,0.0,2.1905570290117057e-37,0.0,2.269678169777486e-89,1.924e-320,1.0,0.0,1.6389077578127052e-125,1.407908090419577e-30
44186,8,0.0,7.312463134190736e-137,1.654836299755969e-61,6.958211226941443e-183,2.1322166309717714e-231,5.928693009803172e-35,8.811837719800001e-233,3.39e-321,1.0,2.4159278487451884e-188
89658,8,0.0,2.446979400613237e-135,9.888454748637001e-63,2.838772041361257e-182,3.83567054873818e-232,7.2462582986183645e-34,2.6901339283455286e-235,9.08656e-319,1.0,2.861187789918674e-189
127615,6,0.0,0.0,8.998949054740912e-28,0.0,2.3089206880089558e-93,1.7815663147208245e-299,1.0,0.0,6.905901418349181e-112,1.508230444367018e-33
333032,8,0.0,3.362926741370471e-135,1.0984379055006776e-62,5.769130800229456e-182,1.7806856831463605e-232,7.061813997817444e-34,1.485470013121993e-235,1.24213e-318,1.0,9.684984580280057e-190
333595,0,1.0,0.0,0.0,0.0,2.0549573976094724e-41,0.0,0.0,0.0,0.0,6.982489471427779e-285
333614,7,0.0,8.244433745216707e-40,0.0,1.3376647010658939e-20,0.0,4.750924638788071e-225,0.0,1.0,0.0,0.0
333615,9,1.2723806171052605e-156,0.0,0.0,0.0,0.00794600010113737,0.0,4.778213624635803e-192,0.0,0.0,0.9920539998988681
333616,0,1.0,0.0,0.0,0.0,1.7661189707430483e-53,0.0,0.0,0.0,0.0,0.0
333619,6,0.0,0.0,2.741067217407927e-22,0.0,9.046491480183083e-96,3.4221643351670376e-286,1.0,0.0,5.338015256581606e-103,2.1962742478325677e-35
333625,8,0.0,3.223851675684452e-113,4.327480900422909e-79,1.82628906196005e-167,2.419139322649481e-245,1.9861091896250682e-20,3.753106725471465e-273,2.463317127998551e-285,1.0,1.1187972004387867e-207
333730,1,0.0,0.9999999960581292,0.0,2.776405744945143e-73,0.0,3.941871306786684e-09,0.0,1.5685461609121563e-73,2.9301195863962706e-107,0.0
333921,5,0.0,5.637552535030882e-50,5.303236307691978e-202,4.011703143045821e-124,2.465e-321,1.0,0.0,2.3806882173612477e-173,1.6262714827129264e-38,2.1692762691062e-310
334202,2,0.0,0.0,1.0,8.377022650687671e-291,1.463945444240043e-127,5.3364242786617606e-192,2.0223295750502937e-27,0.0,8.946938794205728e-51,1.300555487027984e-65
441826,5,0.0,8.779156744047089e-59,2.961983528674918e-173,1.0977371126157306e-130,7.656905056883779e-306,1.0,0.0,3.517091307597784e-191,6.653227199698387e-28,1.5697662718944528e-289
630816,2,0.0,0.0,1.0,1.7192440052107403e-297,2.5951733571056256e-119,2.16575579868168e-205,7.917065620019016e-18,0.0,3.6132892965960325e-57,2.7056847145188744e-57
643529,9,2.1459466499129786e-300,0.0,1.4176497357784056e-122,0.0,7.045012349372771e-46,0.0,6.122685458723589e-23,0.0,2.643735860538136e-240,1.0
710448,9,7.371254760232245e-222,0.0,3.2977056687037114e-248,0.0,2.814362286666504e-25,0.0,1.13269840805904e-103,0.0,0.0,1.0
721152,7,0.0,5.734505379812321e-39,0.0,5.895360062995054e-21,0.0,1.4550310064850888e-222,0.0,1.0,0.0,0.0
814501,8,0.0,9.072551031195594e-166,8.631602024370261e-38,6.40034831247745e-200,5.428679890748042e-211,5.118608709725537e-53,2.1932378813291392e-182,0.0,1.0,1.2118745400495418e-162
857688,5,0.0,8.189234348473042e-71,1.429291269004885e-137,1.511296755561183e-138,1.675573937209819e-281,0.9999999999993534,0.0,5.645696628400441e-216,6.430773881197591e-13,4.270639597191732e-257
1002264,5,0.0,9.216556599330079e-71,5.7918787569804925e-136,1.538340213149188e-138,3.537635540278519e-282,0.9999999999994387,0.0,7.120495007120669e-216,5.622499149480638e-13,3.2335212727576637e-258
18337,1,0.0,1.0,0.0,1.2241647237356609e-60,0.0,1.1747532295799752e-50,0.0,9.234740886857913e-43,3.2306808084625205e-186,0.0
19227,2,0.0,1.561518703e-315,1.0,5.8094350572721145e-279,3.3457000623118523e-139,3.5219448364384004e-169,7.358725882223602e-42,0.0,7.026823742886989e-41,5.529668711477662e-78
29287,1,0.0,1.0,0.0,9.658976123291873e-42,0.0,9.417091922424756e-92,0.0,1.4451106637564174e-15,5.835653325609306e-260,0.0
36483,6,0.0,0.0,2.993252721456012e-43,0.0,6.101672521964788e-85,0.0,1.0,0.0,4.649796716588289e-136,5.392737461573404e-27
36550,7,0.0,8.77724717733215e-45,0.0,2.3810909686838766e-18,0.0,2.395525485804245e-239,0.0,1.0,0.0,0.0
38973,0,1.0,0.0,0.0,0.0,1.4850873364500738e-53,0.0,0.0,0.0,0.0,0.0
39052,5,0.0,2.0300865772699527e-31,4.677952624603604e-257,1.1877930025037147e-107,0.0,1.0,0.0,3.0930950707671594e-137,2.3152724316459346e-59,0.0
43209,5,0.0,1.3287606653442578e-71,1.9656711730237065e-134,4.2208585397541065e-139,2.7256736827298916e-280,0.9999999999936264,0.0,1.5446252670448376e-217,6.3728593095535645e-12,1.5427348709064092e-255
50961,2,0.0,3.4608984681660207e-230,0.9999983295293501,5.365560055861778e-232,9.231569032276318e-165,6.219622301126357e-98,5.565852772000387e-90,0.0,1.6704706497403465e-06,1.1030418077545423e-107
59297,5,0.0,1.2052446876691874e-46,3.031123391436283e-212,4.142186851841856e-121,0.0,1.0,0.0,8.376673510484407e-167,8.774567579742203e-43,1.561193e-318
61098,7,0.0,4.818157055932399e-43,0.0,3.4563272480949737e-19,0.0,2.1947607660030936e-234,0.0,1.0,0.0,0.0
85811,0,1.0,0.0,0.0,0.0,1.9068549442630128e-69,0.0,0.0,0.0,0.0,0.0
165695,1,0.0,0.9999999999999929,0.0,7.967215481368577e-72,0.0,4.940288735635507e-15,0.0,7.438529734763669e-69,2.0811951525575536e-119,0.0
189206,1,0.0,1.0,0.0,1.060542269027238e-70,0.0,2.995034017713444e-20,0.0,6.177100935853333e-65,1.3618268176488135e-128,0.0
332894,2,0.0,0.0,1.0,1.3837197382311247e-298,1.717940044744391e-117,3.0499704088996297e-208,1.3483970077401274e-16,0.0,3.73647929381717e-58,1.6859078859695494e-55
333671,1,0.0,0.9999999999989271,0.0,2.8045307868429324e-39,0.0,2.9046190248557497e-96,0.0,1.0708212768396396e-12,1.9590599458907548e-268,0.0
333676,8,0.0,3.0778154152124647e-91,1.7826354941514505e-98,1.1722781146435382e-151,6.626526970489043e-256,2.203013965761613e-07,1.165140166354e-312,2.6028590913672004e-252,0.999999779698601,4.5759681862871946e-223
333914,3,0.0,6.04226138320456e-240,0.0,1.0,0.0,0.0,0.0,2.7032427566881135e-93,0.0,0.0
334313,2,0.0,0.0,1.0,1.650602190305629e-293,9.953619226499234e-124,1.3746841596794074e-197,1.2507728063257285e-22,0.0,1.1547788862571867e-53,6.248654503567666e-62
458509,3,0.0,8.96561172103964e-168,0.0,1.0,0.0,0.0,0.0,1.2285927986871957e-49,0.0,0.0
606791,6,0.0,0.0,4.398293974641618e-34,0.0,6.199261918182502e-91,2.0799341896e-314,1.0,0.0,4.61109803167029e-121,1.0285487796814991e-31
813580,9,5.752363299139551e-295,0.0,4.185254569770378e-129,0.0,9.420789761289774e-45,0.0,4.787532799605111e-27,0.0,5.811693594103782e-249,1.0
815857,2,0.0,2.7434472431670253e-292,1.0,3.0753099697859232e-267,6.141724572210556e-148,1.0341315612887283e-149,1.692904662323263e-55,0.0,3.6268220769692413e-31,3.3131255500586117e-87
886603,8,0.0,2.4892077036384462e-216,0.06580151170849122,2.1604683315470854e-223,4.3136053231095e-168,7.092179786223511e-87,4.940791844658589e-99,0.0,0.9341984882915111,1.0585396317042275e-111
1002373,8,0.0,9.230153139902719e-102,3.835724649449412e-89,1.2783081181807693e-159,3.292588593515984e-251,1.4824978722637727e-13,4.824831314427703e-293,5.878148405297626e-268,0.9999999999998508,6.12295392465254e-216
1002427,8,0.0,3.3974175948513237e-149,3.192935040724042e-51,1.6234905416057403e-190,2.112262861498028e-223,1.3919257862552836e-42,2.1546942836942635e-211,0.0,1.0,5.183276488678062e-178
27132,5,0.0,6.653149329427962e-22,1.052527585936762e-284,3.82465228754228e-98,0.0,1.0,0.0,3.1627074073211607e-119,1.675268274148927e-69,0.0
34213,7,0.0,1.2234556013539008e-64,0.0,5.325112017756203e-07,0.0,3.1973188489305217e-299,0.0,0.9999994674887983,0.0,0.0
34555,7,0.0,1.6922035903601185e-60,0.0,1.0419526663655988e-09,0.0,2.1597250617589046e-286,0.0,0.9999999989580459,0.0,0.0
36536,1,0.0,0.9999999999999574,0.0,2.0348966823532526e-40,0.0,2.818034404809587e-94,0.0,4.1162973222232536e-14,9.728452042506389e-264,0.0
36600,0,1.0,0.0,0.0,0.0,6.554723167528132e-48,0.0,0.0,0.0,0.0,1.0601273013068813e-307
48638,0,1.0,0.0,0.0,0.0,1.5524743375700022e-49,0.0,0.0,0.0,0.0,1.406690422e-313
49698,2,0.0,4.585e-321,1.0,1.8509216760174825e-281,2.9087626743573875e-137,3.646387252400645e-174,5.0128746794106596e-39,0.0,1.1553932648549447e-42,1.0877504116959074e-75
58762,5,0.0,7.803644466633628e-23,3.792359997597309e-281,4.219918479288237e-99,0.0,1.0,0.0,5.511232964198627e-121,1.586204661969087e-68,0.0
66919,6,0.0,0.0,4.2384193103928853e-69,0.0,2.6880601359691354e-64,0.0,0.9999999999060805,0.0,4.936487030211605e-174,9.391637313695414e-11
70203,1,0.0,0.9999999999999787,0.0,8.921116247023275e-41,0.0,1.8888416621800194e-93,0.0,1.8108165896006316e-14,1.449094044609158e-263,0.0
124344,7,0.0,0.0007765336735122206,0.0,3.1767502679505155e-28,0.0,2.2868125148687522e-124,0.0,0.9992234663264865,1.57561947e-314,0.0
127614,2,0.0,0.0,0.9999999999996874,9.595886522893282e-301,2.1451532994654724e-114,4.1031161190724225e-213,3.137229273926835e-13,0.0,2.3241472169115834e-60,2.119042350963656e-52
332761,6,0.0,0.0,1.617310568065058e-16,0.0,2.6939531319928015e-98,2.618761113174535e-269,1.0,0.0,6.90283469422392e-93,1.5733269528520233e-37
333567,2,0.0,0.0,1.0,2.2015241515335224e-286,2.250612983973203e-132,8.077503160262548e-183,1.7594553862258435e-33,0.0,8.487591823666855e-47,1.3832832672851527e-70
333585,5,0.0,7.80895726540097e-12,2.01548424823e-312,2.16427292903117e-87,0.0,0.9999999999921911,0.0,1.5339398726337402e-100,7.383956163738441e-80,0.0
333604,5,0.0,1.2248180190023598e-54,9.69261879028778e-187,1.3730401791511312e-127,1.2449999326e-313,1.0,0.0,9.73152783328879e-183,3.421186448667979e-33,5.141850495047723e-300
333702,7,0.0,8.77061575908476e-50,0.0,6.405371219260454e-16,0.0,3.0457264436488735e-254,0.0,1.0,0.0,0.0
333975,6,0.0,0.0,7.598536542048012e-25,0.0,3.085287412565903e-95,1.4045290106256123e-291,1.0,0.0,1.2139269449978083e-106,4.7282067391633355e-35
333981,8,0.0,3.5550378922522527e-166,1.2510352895141294e-38,3.954145567624805e-200,2.7022021174876436e-211,1.9573620327279327e-53,1.1695587960847736e-182,0.0,1.0,1.2834567380566414e-162
334095,5,0.0,1.3169058351317216e-67,1.0392132396753987e-146,1.805979146910207e-136,8.12441246118449e-289,1.0,0.0,2.8119959272489075e-209,4.1114180451114654e-17,9.578168035400002e-267
334562,5,0.0,1.5643199387029821e-53,1.7006654424219563e-190,6.0151220515366445e-127,2.586265644e-315,1.0,0.0,1.7668183359497518e-180,2.7025808877154656e-34,3.5615946863642963e-302
334664,5,0.0,1.273464266925638e-47,6.264884081463035e-210,3.3424708018464053e-122,0.0,1.0,0.0,1.0807221664542005e-168,2.1213988311946904e-41,1.8290944e-315
360077,1,0.0,1.0,0.0,8.832493030682019e-42,0.0,2.4636017149427015e-91,0.0,9.268929946503301e-16,5.047629581731098e-260,0.0
606780,7,0.0,2.664529026771881e-09,0.0,5.576058405355205e-28,0.0,4.508825823430563e-139,0.0,0.9999999973354718,0.0,0.0
606792,8,0.0,4.932937565554271e-186,4.617970095936546e-24,1.667616135977524e-210,5.399371297061374e-195,2.7640129635299304e-66,6.155374020914203e-150,0.0,1.0,7.940304630528681e-143
737608,4,5.8635271678434065e-84,0.0,0.0,0.0,1.0,0.0,0.0,0.0,0.0,4.327796850815513e-53
750234,6,0.0,0.0,1.271462212290364e-16,0.0,3.976424891912403e-98,3.7374290462938214e-270,1.0,0.0,1.0312647825129394e-93,2.7224777032373065e-37
812205,1,0.0,1.0,0.0,8.41430217469714e-44,0.0,8.107343787334382e-88,0.0,4.511265390134933e-18,6.628596507939076e-253,0.0
813294,2,0.0,1.0229930984491117e-286,1.0,1.4541478736308736e-264,4.0678091677398384e-150,7.983693261087285e-145,2.3438257922965653e-58,0.0,2.085467120502098e-29,7.976592665761615e-90
818707,7,0.0,1.2193098700626166e-64,0.0,5.602506483851249e-07,0.0,3.8227742332458877e-299,0.0,0.999999439749353,0.0,0.0
826489,6,0.0,0.0,1.695634960322205e-57,0.0,2.5454665051691953e-75,0.0,1.0,0.0,3.3903251432408697e-156,1.696073449387626e-19
851352,1,0.0,1.0,0.0,8.68466000531833e-52,0.0,2.7264904019746824e-71,0.0,8.650037539471018e-29,1.1645550048252214e-223,0.0
31164,8,0.0,2.488881520668314e-96,4.390435678660889e-94,1.0951824675309146e-155,1.3492539409882886e-253,2.4240190836952924e-10,2.1551298879572964e-303,9.135687349193353e-260,0.9999999997575983,1.512472694734342e-219
31170,2,0.0,0.0,1.0,2.1452465503628282e-287,2.92377631622064e-131,1.4423152172437287e-184,2.809597268031399e-31,0.0,4.9257060781713505e-48,1.8305576765438098e-69
31178,5,0.0,1.7210870908462272e-58,1.8871534257785248e-174,1.6287110464976972e-130,1.6572741243041507e-306,1.0,0.0,1.5226065892369233e-190,1.926839936581525e-28,1.9005165864232298e-290
36471,2,0.0,1.9505726438584576e-271,1.0,3.4487493203097793e-256,2.7552855786925885e-154,4.4977611517905873e-132,3.001960580861163e-67,0.0,7.140149864637803e-23,1.8622663037887872e-94
36472,1,0.0,1.0,0.0,1.275961292321236e-46,0.0,2.981021098926351e-82,0.0,1.2237467580548268e-21,5.954000441641452e-243,0.0
43202,9,2.2314e-319,0.0,7.022075095509578e-93,0.0,8.122508697582542e-50,0.0,5.889833516021133e-08,0.0,2.0737584280600672e-206,0.9999999411016649
43211,6,0.0,0.0,1.710593819714653e-64,0.0,4.680054539591835e-69,0.0,0.9999999999999858,0.0,1.7011800871496272e-166,1.501374768074915e-14
63232,6,0.0,0.0,2.0361446351083365e-32,0.0,8.207917783233695e-92,4.05324212900054e-310,1.0,0.0,2.286856719558658e-118,2.0634692493446547e-32
63242,9,3.869228149103017e-197,0.0,1.658715365287745e-291,0.0,2.5781098101164826e-17,0.0,8.251236303683032e-135,0.0,0.0,1.0
67113,5,0.0,2.740576656159706e-22,2.4696443659508196e-283,1.4879081722364495e-98,0.0,1.0,0.0,5.889494730119279e-120,3.997515455634725e-69,0.0
161628,8,0.0,1.7710814800995882e-142,1.4881034194883675e-56,1.0342558792516788e-186,1.3706021967663508e-227,2.791370574120789e-38,2.1568024372527273e-222,0.0,1.0,2.221695397044975e-183
286727,0,1.0,0.0,0.0,0.0,5.444483972274815e-48,0.0,0.0,0.0,0.0,5.445102963812531e-308
332758,7,0.0,0.048501164323122625,0.0,2.7952382385653946e-28,0.0,2.1268708653654558e-119,0.0,0.9514988356768792,2.3583149753536167e-307,0.0
332909,5,0.0,1.7563435777841396e-13,4.960319027244994e-308,2.7561943867892155e-89,0.0,0.9999999999998224,0.0,1.3424184680554133e-103,3.720092060726562e-78,0.0
333560,8,0.0,4.187518779508095e-174,5.173137357958518e-33,1.4840110631651748e-204,1.2782947540369718e-204,1.986477392398611e-58,6.078939061019619e-170,0.0,1.0,2.151022026453625e-154
333594,1,0.0,1.0,0.0,8.673802516669584e-68,0.0,5.337822322491141e-30,0.0,1.376150824328773e-57,5.648905996257741e-148,0.0
333603,8,0.0,8.986785624330797e-151,1.8963695900610268e-50,1.2744054474998292e-191,2.9674671186900115e-222,1.5674464927388207e-43,9.592048188335284e-209,0.0,1.0,2.4382873471170844e-176
333606,8,0.0,1.4505610587409488e-143,1.4267583888316411e-55,2.456952183828715e-187,4.938894237709717e-227,5.710017767373878e-39,1.394759631876887e-220,0.0,1.0,1.1832540867563594e-182
333627,5,0.0,2.986200437726592e-11,3.850043956e-315,1.4020572089254658e-86,0.0,0.9999999999701359,0.0,2.050713213719599e-99,4.567148089030228e-81,0.0
333630,7,0.0,6.390764007354164e-53,0.0,2.947033100085029e-14,0.0,1.4809192578330046e-263,0.0,0.9999999999999716,0.0,0.0
333632,0,1.0,0.0,0.0,0.0,5.0897043803207515e-15,0.0,0.0,0.0,0.0,2.42967284939689e-201
333636,3,0.0,5.193858669366783e-167,0.0,1.0,0.0,0.0,0.0,3.781821256768245e-49,0.0,0.0
333745,2,0.0,0.0,1.0,5.657541439991724e-289,4.685743059654898e-129,1.776821336267459e-188,7.844718465214018e-29,0.0,1.5731090048143363e-49,2.0818592820638594e-67
333888,7,0.0,1.08629744227995e-07,0.0,4.72897164877377e-28,0.0,1.2639945487963248e-134,0.0,0.9999998913702571,0.0,0.0
333908,8,0.0,6.841971150703615e-172,2.431486717673289e-34,1.6213330339841807e-203,2.2041934825494972e-206,6.522092718256255e-57,2.3907074876265558e-173,0.0,1.0,1.378905390407555e-156
333909,9,4.366933343963658e-286,0.0,1.2588836937273328e-141,0.0,1.0783532547220101e-42,0.0,9.092237762545051e-35,0.0,4.651820524154183e-264,1.0
333913,2,0.0,1.119874314297989e-252,0.9999999999999929,2.95949219469752e-245,1.7429459531291437e-159,1.3794826350188402e-116,1.9182896394461913e-77,0.0,4.344177448914432e-15,1.1887251432164313e-100
333920,1,0.0,1.0,0.0,2.3889231864983043e-67,0.0,2.5271079059187866e-31,0.0,1.442156313358203e-56,1.6651770001115585e-150,0.0
606777,2,0.0,6.701550573286733e-286,1.0,4.541617007340352e-264,3.3335539604155244e-150,3.884709591171496e-144,1.4458262787085269e-58,0.0,3.510393357763358e-29,5.584781632095621e-90
620391,9,4.898127142167149e-308,0.0,7.951819908844302e-110,0.0,1.5471293571679262e-47,0.0,1.7589778902606526e-16,0.0,7.511059400975509e-227,1.0
620393,7,0.0,4.697749774099679e-35,0.0,2.3637566740235343e-22,0.0,1.700048057118858e-211,0.0,1.0,0.0,0.0
813279,1,0.0,1.0,0.0,3.4056665617722316e-70,0.0,6.092001068615375e-22,0.0,1.0664138825373047e-63,7.871865640417229e-132,0.0
11241,1,0.0,1.0,0.0,1.4787152414872697e-64,0.0,3.271921210648581e-40,0.0,3.123824658439524e-50,4.042740893679175e-166,0.0
18704,2,0.0,6.946244970214052e-278,1.0,7.163906093133167e-260,6.837762594654703e-153,2.0078909308775537e-137,3.054801073362151e-63,0.0,1.1173260382099943e-25,9.097391064063386e-93
19583,8,0.0,3.206314982706661e-106,2.643096880421407e-84,1.4929932262262295e-162,6.13084631743944e-249,3.063722394017022e-16,1.684217004830513e-285,7.85912167846248e-275,1.0,4.848831315833604e-213
36588,2,0.0,0.0,1.0,1.3419141675828959e-292,1.8291149724386082e-125,9.026314788967206e-196,7.896895482891397e-25,0.0,1.9525076469713617e-52,1.751138031610815e-63
36610,5,0.0,1.2690402639168792e-42,5.503360289817824e-224,7.238796759275371e-118,0.0,1.0,0.0,7.291546806734903e-159,2.8055271847287247e-47,0.0
36613,4,2.155757885283888e-121,0.0,0.0,0.0,1.0,0.0,4.3207347120613335e-300,0.0,0.0,4.754368901728526e-21
36621,6,0.0,0.0,3.81524105766738e-09,1.433e-320,8.921513955802056e-100,2.602671009243073e-252,0.9999999961847621,0.0,4.2237011808268383e-82,1.7709876627910042e-38
38017,2,0.0,0.0,1.0,5.8812467735065445e-292,2.3293081049954513e-126,2.1125686255409197e-193,5.613755843404258e-26,0.0,6.3564187884641645e-52,2.011404532345934e-64
43216,5,0.0,0.14038094921055172,0.0,7.238205838415084e-76,0.0,0.8596190507894527,0.0,9.883603044561358e-82,3.8698594322298915e-90,0.0
48744,8,0.0,1.0134094682953416e-137,6.885764308141156e-61,1.846651457165717e-183,7.782467446304014e-231,1.777708447140186e-35,2.1418719490027115e-231,1.7e-322,1.0,1.4047688581422076e-187
117897,1,0.0,1.0,0.0,3.170479155251572e-69,0.0,4.415517942794865e-25,0.0,3.335080351794632e-61,1.2444329891240262e-138,0.0
332829,8,0.0,4.795897700423346e-147,1.1175046115942743e-53,3.084710108638554e-189,1.007157948489617e-224,2.797109979707317e-41,1.9203267202763827e-215,0.0,1.0,1.5732197560030135e-179
332830,2,0.0,1.1971251079153707e-248,0.9999999999999432,4.226143862122945e-243,6.628085125452624e-161,3.4987913746830665e-113,7.670649064685221e-80,0.0,5.652341503881775e-14,1.2361585909057604e-102
332831,1,0.0,1.0,0.0,2.6525787893977654e-42,0.0,9.775900510182176e-91,0.0,3.0869225113544786e-16,3.6358082425710895e-258,0.0
332844,3,0.0,4.824338920691134e-104,0.0,1.0,0.0,0.0,0.0,2.5070711662844605e-15,0.0,0.0
332848,6,0.0,0.0,4.034226496625904e-08,4.670254e-318,1.6837032292809333e-100,2.8050893376544783e-248,0.9999999596577361,0.0,1.0191146581222717e-79,3.470802927809539e-39
332855,8,0.0,5.337794381922938e-209,3.079927082774429e-07,1.4063424431109468e-220,6.408062226286718e-175,8.466888633306247e-82,2.51483991406418e-111,0.0,0.9999996920072908,2.0661076878470129e-119
333748,8,0.0,6.532291532231156e-151,3.4181727062375915e-49,1.5469384476093953e-191,7.561472675097297e-222,1.3416658181005826e-43,6.951852587515015e-208,0.0,1.0,2.7364977547521316e-176
333903,0,1.0,0.0,0.0,0.0,9.23362213548336e-50,0.0,0.0,0.0,0.0,2.124122668e-314
333941,7,0.0,2.0071101221259398e-26,0.0,4.498703097003048e-25,0.0,9.193920393462251e-187,0.0,1.0,0.0,0.0
334239,8,0.0,1.2297501931967411e-194,1.0294839743628089e-17,1.6948571814147381e-214,1.0915250622582382e-187,5.004410673066372e-72,1.549944068515849e-135,0.0,1.0,3.37132210826771e-134
334791,8,0.0,6.146418588529018e-102,1.3963907610666076e-88,1.8298661897716703e-159,3.0094974862450163e-251,1.079748518099296e-13,6.077099025341687e-293,2.476508893504982e-268,0.9999999999998934,3.989858676955185e-216
337183,6,0.0,0.0,1.2294067920428781e-37,0.0,5.767058074862302e-89,9e-323,1.0,0.0,4.8535592792890015e-127,3.833384662154899e-30
337525,8,0.0,1.1539606774267406e-214,0.010100989447501593,4.773410814860705e-223,2.9973556472605306e-169,1.8090358526805917e-85,1.0557616613593194e-101,0.0,0.9898990105524975,4.8464562896853946e-113
592209,5,0.0,3.324085032949481e-29,2.778985645685011e-264,2.4629807685864407e-105,0.0,1.0,0.0,5.314191481253877e-133,2.7311892401203714e-62,0.0
795535,1,0.0,1.0,0.0,2.254015630185245e-51,0.0,2.429460150782377e-72,0.0,4.610995194345738e-28,1.5447851655910145e-225,0.0
813270,8,0.0,3.295560566973006e-159,9.623993424533426e-44,3.0148662820788187e-196,2.076001515630176e-216,5.82376181002349e-49,2.136035534826945e-194,0.0,1.0,4.510813387902258e-169
815376,3,0.0,1.4446116828283585e-295,0.0,1.0,0.0,0.0,0.0,1.9554917041119333e-129,0.0,0.0
817390,8,0.0,5.725425603832803e-190,1.9866821785619585e-20,1.8926556232614366e-212,1.1513665030608256e-191,9.797012478861231e-69,1.2048718563200325e-141,0.0,1.0,6.542295550722207e-139
827695,0,1.0,0.0,0.0,0.0,4.788219550799522e-43,0.0,0.0,0.0,0.0,1.6079878303507457e-290
832504,5,0.0,7.537754744935957e-42,1.7147046876885602e-227,4.3652036359328464e-117,0.0,1.0,0.0,2.0958582453114853e-157,2.8969864430127066e-48,0.0
23400,2,0.0,6.92845111961322e-235,0.9999998969569912,1.4217786126865454e-234,3.727173478723693e-163,7.139785600177869e-102,3.205603096709652e-87,0.0,1.0304301225845626e-07,2.249197629854146e-105
23875,8,0.0,3.3632695320398626e-116,2.218021735754487e-77,2.268698801776878e-169,1.1303635716527282e-243,2.895843838742262e-22,2.610384441282381e-268,7.908687964250796e-290,1.0,3.1737671859758444e-205
26667,2,0.0,0.0,1.0,2.68022236599402e-284,1.4715589297373994e-134,1.8487472134133942e-179,1.656207738542898e-35,0.0,4.3592453462488725e-45,7.338355774046841e-73
31166,0,1.0,0.0,0.0,0.0,1.2403302345749224e-26,0.0,0.0,0.0,0.0,1.7830616795168817e-236
34537,2,0.0,9.08821567e-316,1.0,2.892718025742702e-279,3.1881571007316626e-139,2.283646014347228e-169,1.3150516051953787e-41,0.0,5.536261695372512e-41,9.17450532754184e-78
36444,5,0.0,2.2699640408789492e-73,6.1691155830704e-129,4.637234241356207e-140,3.515027276601771e-276,0.9999999985892174,0.0,2.507655718917343e-221,1.4107800471731437e-09,2.9582358763532685e-250
43220,5,0.0,2.732433567894731e-41,1.2090842874712172e-228,8.480846003314073e-117,0.0,1.0,0.0,3.0689098126043166e-156,1.2526043813520086e-48,0.0
43600,1,0.0,1.0,0.0,9.34698450514601e-69,0.0,1.0818830304761088e-26,0.0,5.333662920951531e-60,1.0190301040564336e-141,0.0
104562,2,0.0,1.806850297573144e-274,1.0,5.207406492604817e-258,8.87092896743613e-154,1.5804705236399534e-134,6.877442476722605e-65,0.0,2.0279314776799855e-24,7.774212037097233e-94
176458,5,0.0,2.155036802115293e-29,3.980818762860692e-263,1.0313345445727143e-105,0.0,1.0,0.0,2.431916401079929e-133,9.873359834990099e-62,0.0
285230,5,0.0,2.721716127798328e-30,8.596183990847517e-261,2.678873081104232e-106,0.0,1.0,0.0,4.380030475398083e-135,3.6043352408027156e-61,0.0
332866,8,0.0,1.7449951424994672e-107,8.841463313128541e-84,1.114771238223553e-163,3.1333919652154816e-248,5.91883917965385e-17,3.2182308712172474e-283,1.128735451743185e-276,1.0,7.832066057688589e-212
332955,0,1.0,0.0,0.0,0.0,6.678344142498827e-55,0.0,0.0,0.0,0.0,0.0
333674,7,0.0,4.2775623742226967e-47,0.0,2.657262228145751e-17,0.0,1.405012184867119e-246,0.0,1.0,0.0,0.0
333741,5,0.0,3.943205839481229e-30,5.985207442458652e-261,1.9533801884729197e-106,0.0,1.0,0.0,9.026314881007628e-135,5.000345452744256e-61,0.0
333897,2,0.0,3.3448947082503926e-302,1.0,2.293090229328703e-272,1.2283350859210163e-144,5.8687372367323e-158,1.498800068784152e-49,0.0,1.6510169639041464e-35,8.23335459644063e-84
333976,7,0.0,1.863430768100242e-26,0.0,4.520207051837764e-25,0.0,1.0270883246612637e-186,0.0,1.0,0.0,0.0
334330,2,0.0,2.1395234118436456e-238,0.9999999990766213,5.561902807639598e-237,3.42296126806988e-163,1.027224722088629e-104,1.2640949803588843e-85,0.0,9.233757211055647e-10,1.4710363425980597e-105
334668,8,0.0,3.876305709478083e-147,6.837861982173409e-54,3.468515691479886e-189,1.828009700995985e-224,2.2126933506947965e-41,7.930826369747152e-216,0.0,1.0,2.9907136624770624e-179
334669,6,0.0,0.0,2.2544862179781126e-32,0.0,3.531548093226135e-91,4.1188929006157e-311,1.0,0.0,4.4681643487361406e-119,7.588185530878217e-32
348351,5,0.0,1.6745666961778524e-52,4.3601614191598613e-194,4.2623141618321796e-126,2.4163145e-317,1.0,0.0,2.232166596223328e-178,9.70443861392689e-36,6.552522238447542e-305
348931,1,0.0,0.9999990118769212,0.0,5.471571143529225e-34,0.0,5.471096276707986e-106,0.0,9.881230822193061e-07,5.139634195729373e-285,0.0
404211,6,0.0,0.0,2.3052979065650807e-07,9.0628487e-317,1.3657654383825711e-100,2.8292741136834306e-246,0.9999997694702126,0.0,2.479168244402568e-78,2.765048071460776e-39
609572,5,0.0,3.76523727719109e-47,9.957913836909975e-211,8.041309624347273e-122,0.0,1.0,0.0,9.654326702693253e-168,7.910678041184075e-42,7.3539325e-317
813908,5,0.0,7.65852299751546e-14,5.03416846869415e-308,1.7027764296797387e-89,0.0,0.9999999999999218,0.0,3.551059251389037e-104,2.5194576111908297e-78,0.0
817419,5,0.0,7.90453535284806e-61,2.7481443105408862e-167,3.9195675563820616e-132,3.225982454902985e-302,1.0,0.0,2.716644290953023e-195,1.3697638964086782e-25,1.25952007992464e-284
839428,5,0.0,1.362452105416003e-48,3.76785337985579e-206,5.361369194243563e-123,1e-323,1.0,0.0,1.3709135382883267e-170,2.9085559686877054e-40,7.1766148794e-314
966409,6,0.0,0.0,5.5973343503058075e-77,0.0,2.593695285482075e-54,0.0,0.9929591229353795,0.0,5.724615356854947e-187,0.007040877064621522
1002430,6,0.0,0.0,0.15748332288778574,1.1671841646155614e-308,1.145022427295829e-101,2.12125606728185e-232,0.8425166771122138,0.0,2.2236709893377002e-69,5.610009469189383e-40
1002433,5,0.0,1.0777476131270658e-22,2.0110989738699174e-282,7.415499726051558e-99,0.0,1.0,0.0,1.10602534756418e-120,4.183043640910688e-69,0.0
13962,0,1.0,0.0,0.0,0.0,1.4096040127858932e-31,0.0,0.0,0.0,0.0,3.5851935748768664e-252
18321,7,0.0,3.424444695206525e-48,0.0,9.245272168377333e-17,0.0,1.3458352008507009e-249,0.0,1.0,0.0,0.0
27201,6,0.0,0.0,2.590593639452634e-77,0.0,1.4879991870005477e-55,0.0,0.9992438915902694,0.0,1.786074592471676e-185,0.0007561084097341748
34518,2,0.0,0.0,0.9999999999999503,9.086114287907367e-300,1.2186111647775522e-115,1.2589725151292919e-211,4.9494621579839707e-14,0.0,1.830342336532094e-59,1.174344762740937e-53
36507,8,0.0,6.356216021292722e-118,1.1451213709028179e-76,1.6804299916416307e-170,1.4470361608329055e-242,2.4260932015455775e-23,1.7979335435928346e-265,1.9868899302049712e-292,1.0,1.5186258073169774e-203
43213,8,0.0,1.0884866663461686e-97,2.6870707990334956e-92,1.1739185026677152e-156,3.5077002157755034e-253,3.654727963086109e-11,6.714253466120188e-300,7.462550462508453e-262,0.9999999999634497,6.282681459597527e-219
43292,9,5.850676400979097e-196,0.0,9.487401818564406e-295,0.0,6.825618250088877e-17,0.0,1.8722861310330737e-136,0.0,0.0,1.0
57238,4,2.8946392942489305e-101,0.0,0.0,0.0,1.0,0.0,0.0,0.0,0.0,2.7352992590455968e-37
67246,8,0.0,1.9680808434017742e-196,3.5264470550821273e-16,3.768180689555267e-215,1.3194997031103114e-186,2.571311324115992e-73,6.81837436885674e-132,0.0,1.0,6.0489615250928015e-133
149304,5,0.0,4.5856001132572955e-41,3.1485578799156434e-229,1.3486909566402458e-116,0.0,1.0,0.0,7.289619445619912e-156,6.275800654036255e-49,0.0
153171,0,1.0,0.0,0.0,0.0,5.749617455014046e-45,0.0,0.0,0.0,0.0,3.1143385138880976e-297
153358,3,0.0,3.363260833730216e-113,0.0,1.0,0.0,0.0,0.0,6.423281568475404e-20,0.0,0.0
333561,2,0.0,0.0,0.9999999999998153,4.984969094820899e-300,3.8330459821231608e-115,1.9914877174435213e-211,1.8337937801532942e-13,0.0,5.779044187636878e-60,3.7441810171325715e-53
333600,5,0.0,1.2894788811004379e-34,3.269169164392951e-248,1.7208697073427446e-110,0.0,1.0,0.0,2.360922543639301e-143,2.079950455672613e-56,0.0
333733,5,0.0,2.0080184507682265e-75,1.8563626362684273e-121,3.7985463101485734e-141,1.0276443169874135e-271,0.9999989032768158,0.0,1.1047789658047803e-225,1.096723184443664e-06,1.3596019804170782e-244
333740,1,0.0,0.9999999957563119,0.0,4.229494493396941e-36,0.0,4.6090638555791215e-102,0.0,4.243686568003406e-09,1.162069083010381e-278,0.0
333772,1,0.0,0.9999999738850821,0.0,1.8924888109694947e-35,0.0,1.8073227495159564e-103,0.0,2.6114914997473835e-08,2.4956727403566738e-280,0.0
333910,3,0.0,2.3302519431397383e-129,0.0,1.0,0.0,0.0,0.0,2.6245983159130742e-28,0.0,0.0
333911,3,0.0,3.43579851563314e-124,0.0,1.0,0.0,0.0,0.0,1.4094442615922302e-25,0.0,0.0
334317,7,0.0,2.1952402309683232e-62,0.0,1.7174076345681094e-08,0.0,3.2889325380308314e-292,0.0,0.9999999828259264,0.0,0.0
334329,5,0.0,6.864999689911662e-27,1.0888021101462524e-270,4.148068179633847e-103,0.0,1.0,0.0,1.3906720069542836e-128,1.1260655135664317e-64,0.0
334365,6,0.0,0.0,2.5037727978092765e-48,0.0,2.0830315928442425e-81,0.0,1.0,0.0,6.441462054375913e-144,3.2549794760063495e-24
559447,2,0.0,0.0,1.0,8.703205952830544e-298,2.759705897237025e-117,3.664977795117041e-207,6.023205116234547e-16,0.0,5.46025446203854e-58,1.5898976388475623e-55
600930,2,0.0,1.876767600368622e-306,1.0,1.865331434732114e-274,5.605127264594351e-143,1.0467332058389043e-161,1.7835320762158815e-47,0.0,7.504919137023229e-37,9.2146152507314e-82
622841,1,0.0,1.0,0.0,3.1894588097898724e-64,0.0,5.913526469277838e-41,0.0,1.1456483902273025e-49,6.855066139521707e-168,0.0
627154,8,0.0,1.7912866001229332e-186,7.846880680392403e-23,9.24484932245449e-211,7.712926381280813e-195,1.773162254750163e-66,1.3316095610935454e-148,0.0,1.0,7.617787866767032e-143
628872,3,0.0,8.930335246621796e-208,0.0,1.0,0.0,0.0,0.0,2.8731467000700207e-73,0.0,0.0
629607,8,0.0,4.2683326892901725e-92,1.2404381012998125e-97,1.5040980104628897e-152,1.5872346888974404e-255,7.611830494673096e-08,3.2083842995084e-311,1.872837568473881e-253,0.9999999238816983,1.6836685470638765e-222
814496,7,0.0,1.0378509097637316e-38,0.0,5.1369910066786595e-21,0.0,5.2768065754300624e-222,0.0,1.0,0.0,0.0
1002931,1,0.0,1.0,0.0,2.9302170530044054e-71,0.0,8.142033885782528e-18,0.0,1.0078514313317776e-66,1.5912878971981748e-124,0.0
1002932,2,0.0,0.0,1.0,5.1636677642867556e-294,1.0152636224394889e-123,5.118186176694698e-198,2.385277065970222e-23,0.0,9.709365350893066e-54,9.42355487433357e-62
24769,3,0.0,1.9235037659801528e-137,0.0,1.0,0.0,0.0,0.0,1.1409061494408691e-32,0.0,0.0
27107,8,0.0,5.658976153691629e-125,1.2496175680825955e-70,1.650708843717771e-175,1.1559771357995276e-238,1.564559476040455e-27,4.0141656908427314e-253,4.9365461029808025e-303,1.0,4.208749776958725e-198
27171,1,0.0,0.9999995548593428,0.0,1.2609702486738515e-73,0.0,4.451406583094757e-07,0.0,3.071183422593566e-75,4.1483088745434057e-103,0.0
27172,3,0.0,0.0,0.0,1.0,0.0,0.0,0.0,2.814871293262341e-165,0.0,0.0
30601,0,1.0,0.0,0.0,0.0,2.095932542121567e-35,0.0,0.0,0.0,0.0,1.1751630475468817e-264
46762,3,0.0,5.45379105000708e-181,0.0,1.0,0.0,0.0,0.0,3.081167600919681e-57,0.0,0.0
67202,5,0.0,2.2684898965804184e-65,2.4315070399424097e-154,2.419655660599086e-135,3.6942011813045204e-293,1.0,0.0,1.5815653092334345e-204,8.117913614805731e-20,3.0537270502404044e-272
69855,2,0.0,9.966271520383e-303,1.0,8.364603752885421e-273,3.5230068976485854e-144,2.878693255800762e-158,5.0182004449160346e-49,0.0,6.355304687493103e-36,2.6837605445643856e-83
123131,6,0.0,0.0,7.708524540440895e-44,0.0,3.921338451696574e-85,0.0,1.0,0.0,1.1989002573014865e-136,3.827205207553191e-27
332769,6,0.0,0.0,2.7079201479061415e-11,1.5e-323,2.4415300823907967e-99,1.655547419258484e-258,0.9999999999729212,0.0,2.2967744964589874e-85,3.954364766208845e-38
332785,9,7.335551857631717e-249,0.0,6.037237034911133e-201,0.0,3.669710053915861e-33,0.0,9.866617315731296e-72,0.0,0.0,1.0
332824,2,0.0,1.02010588979053e-259,1.0,1.4453059282823462e-249,2.1190081448023223e-157,2.804617440703726e-122,7.767322221328323e-74,0.0,4.376004282263372e-18,3.537389822907012e-98
333575,8,0.0,7.243512311982313e-122,3.880784695702238e-73,3.3697111389758125e-173,1.8617729988255124e-240,1.0221181048056264e-25,1.5946282824380183e-258,2.122417935938115e-298,1.0,1.189922630211228e-200
333593,2,0.0,0.0,0.9999999623269538,1.8878661558741846e-303,1.4738015665677542e-109,1.1134280583827026e-220,3.767304534175454e-08,0.0,2.5508173456266547e-63,1.216915362872658e-47
333601,5,0.0,8.952408025626844e-59,8.347932475274246e-175,7.314742831576184e-131,6.670588382682935e-306,1.0,0.0,5.0531727820693835e-191,5.199330792506884e-28,2.899744618871608e-289
333607,1,0.0,0.999998944635176,0.0,5.9761300037779995e-34,0.0,5.311414705882778e-106,0.0,1.0553648243558351e-06,2.987735504845481e-285,0.0
333788,5,0.0,1.462294992143399e-31,1.1664027005940686e-257,1.398407779212066e-107,0.0,1.0,0.0,1.608337172603245e-137,8.707572003730681e-60,0.0
333931,0,1.0,0.0,0.0,0.0,2.4679535798847223e-49,0.0,0.0,0.0,0.0,7.59766625263e-313
334016,5,0.0,3.3821361287817347e-39,3.4999131091149736e-233,7.248312780047081e-115,0.0,1.0,0.0,3.011816807558151e-152,8.444144907156404e-51,0.0
334103,2,0.0,0.0,1.0,6.875972720299425e-297,5.972375965773938e-120,2.7819023145325247e-204,3.7524365289194383e-19,0.0,1.7548979094835924e-56,5.8887586904631344e-58
334238,5,0.0,1.3260874270004865e-69,2.2798736524213074e-141,6.136294845707097e-138,3.782094795585183e-284,0.9999999999999787,0.0,2.442291445965044e-213,1.9536479601670177e-14,1.694867134026772e-260
334273,1,0.0,0.9999999936252308,0.0,2.6578159924945587e-73,0.0,6.374767659610535e-09,0.0,1.1632664244386358e-73,3.0112038748685757e-107,0.0
606784,2,0.0,0.0,0.9999980638541202,2.7894141140366653e-304,6.442077287410751e-108,7.521849791322519e-223,1.936145880390887e-06,0.0,2.5813545947137502e-64,4.741800346355787e-46
606787,2,0.0,7.096933708793131e-218,0.8085274925934305,2.1572542781260403e-224,5.3747364552955634e-167,8.049740981790038e-88,9.579010324650481e-97,0.0,0.1914725074065689,1.0334915543696362e-110
630140,5,0.0,3.1301708130204853e-15,1.875017345703543e-301,6.605609434471746e-91,0.0,1.0,0.0,7.170836119930938e-107,1.50520612326789e-76,0.0
813578,9,7.536770375245845e-277,0.0,7.218598392745901e-159,0.0,1.909890240745788e-40,0.0,4.1222509772090306e-44,0.0,1.0549861647748049e-281,1.0
813579,7,0.0,6.477855729072576e-17,0.0,4.9471210457363644e-27,0.0,6.674225965672367e-160,0.0,1.0,0.0,0.0
818229,8,0.0,3.2051743360035877e-177,4.727000489493778e-30,3.3086635900437845e-206,2.4086894846399473e-202,2.1572422050999456e-60,3.452335746361464e-163,0.0,1.0,1.2439850849895597e-151
1002355,8,0.0,1.558371063776134e-119,5.015439564551529e-74,6.548036377000853e-172,1.103002473422182e-241,3.379332094831472e-24,9.772391551489563e-263,6.820504574556003e-295,1.0,1.2973604692601133e-202
1002438,1,0.0,1.0,0.0,1.61312398805968e-57,0.0,5.611880275885541e-58,0.0,1.1401950682222371e-37,3.6457006082058636e-200,0.0
1002440,9,1.7713717576463717e-213,0.0,3.6462492427710506e-263,0.0,1.2901592424514129e-22,0.0,5.270666261875306e-114,0.0,0.0,1.0
24750,0,1.0,0.0,0.0,0.0,2.831877727111824e-51,0.0,0.0,0.0,0.0,6.0765e-320
25447,1,0.0,1.0,0.0,1.240832582537105e-71,0.0,6.659266156273538e-16,0.0,3.4833308348841123e-68,4.464601919452627e-121,0.0
26265,1,0.0,1.0,0.0,2.117710586602137e-53,0.0,1.3330731342730921e-67,0.0,3.215791011224043e-31,4.186857181046169e-217,0.0
26312,1,0.0,1.0,0.0,7.601457610015987e-69,0.0,8.471752418375522e-27,0.0,4.9521503444714683e-60,4.2669675501750163e-141,0.0
28526,3,0.0,1.0927429770360867e-107,0.0,1.0,0.0,0.0,0.0,4.113853302519471e-17,0.0,0.0
34560,5,0.0,2.1405161731354644e-49,5.813931422427022e-205,2.2713809331433042e-123,4.35e-322,1.0,0.0,2.6368546665516995e-172,1.5557593899991006e-39,1.9569041832698e-311
43192,0,1.0,0.0,0.0,0.0,2.1575069558778088e-62,0.0,0.0,0.0,0.0,0.0
43200,2,0.0,1.9163809888104006e-308,1.0,1.0190975709871601e-275,3.71533902276819e-142,3.913805086849094e-163,9.861429882998974e-46,0.0,4.5573787661226486e-38,6.800701482457677e-81
47134,6,0.0,0.0,2.3872610551298557e-51,0.0,3.4747739995651003e-79,0.0,1.0,0.0,1.8144516372045258e-148,1.787363427479378e-22
57406,7,0.0,5.238912104906795e-36,0.0,4.375684740467527e-22,0.0,6.113094298085791e-214,0.0,1.0,0.0,0.0
67132,2,0.0,4.622942044310486e-305,1.0,4.304520929036169e-274,1.901925440856169e-143,3.061358014474284e-160,1.0764530916012181e-47,0.0,9.427678925708383e-37,2.6331781319748573e-82
333562,1,0.0,0.9999328773750649,0.0,4.78144576878878e-74,0.0,6.712262493822478e-05,0.0,6.750911391098627e-77,1.848777954879193e-99,0.0
333591,7,0.0,0.0035690697265499654,0.0,3.69845113222652e-28,0.0,1.0078667224219258e-122,0.0,0.9964309302734502,2.806460143239e-311,0.0
333626,3,0.0,3.4809229716632924e-211,0.0,1.0,0.0,0.0,0.0,2.388108455678122e-75,0.0,0.0
333628,9,7.2e-322,0.0,2.634636965446542e-90,0.0,2.861219368954152e-50,0.0,3.744653579801848e-06,0.0,2.5079317000039277e-203,0.9999962553464226
333787,2,0.0,0.0,1.0,3.496415198347721e-296,6.848921140422372e-121,2.1505576331247983e-203,9.176061654630737e-20,0.0,7.686216347005259e-56,7.331902248159007e-59
333873,3,0.0,3.057875200055822e-112,0.0,1.0,0.0,0.0,0.0,2.0755721566973705e-19,0.0,0.0
333912,5,0.0,2.0161200900447668e-40,5.930679335389829e-230,6.50984660951488e-116,0.0,1.0,0.0,1.3099845728005284e-154,9.237153979812413e-50,0.0
333932,6,0.0,0.0,4.326181991623952e-14,0.0,8.123157547854287e-99,4.0838545226754195e-265,0.9999999999999574,0.0,1.2157908739942977e-89,8.723162020643712e-38
334256,7,0.0,9.473387214372105e-29,0.0,2.049398032943608e-24,0.0,4.2448103030895417e-193,0.0,1.0,0.0,0.0
460773,8,0.0,4.221641425303415e-199,1.820777400011162e-13,2.2718959334721663e-216,5.505282485283856e-184,5.885174201735443e-75,8.046906008358344e-127,0.0,0.9999999999998153,4.0892433058764465e-130
469493,6,0.0,0.0,5.220601213205906e-56,0.0,4.071275107992555e-76,0.0,1.0,0.0,7.780568048597886e-155,4.666602070417662e-20
813274,1,0.0,1.0,0.0,5.754258357175118e-46,0.0,1.083475661138622e-83,0.0,9.570766765673852e-21,1.9929967999095145e-245,0.0
813275,8,0.0,1.4014396684172691e-192,4.893257109990236e-19,2.1676774725586738e-213,5.566003506564716e-190,9.47476738718443e-71,2.3081775589813847e-138,0.0,1.0,6.796023872180112e-137
819144,4,5.90169034998377e-118,0.0,0.0,0.0,1.0,0.0,4.461439035e-314,0.0,0.0,1.2921882955518083e-23
966421,8,0.0,1.432035803757723e-167,1.3567371797748306e-36,5.5712998905057105e-201,7.373939205887767e-210,3.576120909137334e-54,9.051822612126602e-180,0.0,1.0,3.82328769829747e-161
1002275,3,0.0,0.0,0.0,1.0,0.0,0.0,0.0,0.0,0.0,0.0
1002277,6,0.0,0.0,6.32777009713824e-13,0.0,3.219965031154106e-99,6.072740888358402e-261,0.9999999999993676,0.0,6.133740822814503e-88,4.124076672308007e-38
1002278,9,1.6380946916511553e-168,0.0,0.0,0.0,2.9990595847981165e-07,0.0,2.6849095679674362e-173,0.0,0.0,0.9999997000940392
1002934,7,0.0,1.0192901702113602e-51,0.0,5.7725699630728844e-15,0.0,3.988194578511775e-260,0.0,0.9999999999999929,0.0,0.0
1002935,2,0.0,1.717983392660952e-222,0.9916078460990209,3.0207957687298064e-227,2.743887478706886e-165,1.8802794565924597e-91,3.6008734879202903e-94,0.0,0.008392153900980102,2.4132436748632365e-108
36619,1,0.0,1.0,0.0,6.453313114710296e-56,0.0,5.103945093050541e-62,0.0,6.213456311262629e-35,3.064465641327185e-207,0.0
163193,6,0.0,0.0,5.766689275493115e-16,0.0,3.693332918732468e-98,5.710570267351524e-270,1.0,0.0,1.0640326141346227e-92,2.894279613772981e-37
176488,1,0.0,1.0,0.0,3.7191717548705655e-62,0.0,9.06980691384533e-47,0.0,1.4076581447438662e-45,1.6747992384749455e-178,0.0
621204,7,0.0,2.1917611669111964e-06,0.0,4.038210748630978e-28,0.0,4.366153132936686e-131,0.0,0.9999978082388313,0.0,0.0
813395,2,0.0,1.832056978944185e-245,0.9999999999989413,3.052420379781873e-241,1.2552779291166715e-161,1.5671523725383087e-110,1.3227778037840878e-81,0.0,1.0612993300272953e-12,1.5005008899180207e-103
31244,5,0.0,1.2000893904212178e-39,2.5120132077863055e-232,2.813839191230161e-115,0.0,1.0,0.0,3.9678585228297165e-153,1.3365832529348743e-50,0.0
36540,6,0.0,0.0,1.6288819242861377e-56,0.0,5.11080848304665e-75,0.0,1.0,0.0,2.283531274949625e-156,3.4279450532442343e-19
622836,8,0.0,1.3612832755713732e-182,1.8557369316862366e-26,1.3318141789646895e-208,2.113932350223146e-198,3.8635558601284294e-64,3.4447642464639112e-155,0.0,1.0,6.655456249869072e-147
813269,3,0.0,4.673694707343821e-142,0.0,1.0,0.0,0.0,0.0,3.4881107324201016e-35,0.0,0.0
840763,5,0.0,1.712662424816461e-69,7.489828454185952e-141,6.90868794939281e-138,6.813141239870474e-285,0.9999999999999858,0.0,3.763278889297371e-213,1.1853707564064875e-14,1.7166235467974211e-261
32855,1,0.0,1.0,0.0,1.6348023512766328e-48,0.0,2.97111331274283e-78,0.0,3.519876449375058e-24,3.4797619733084292e-236,0.0
333700,5,0.0,3.445917348183526e-62,5.274471225169549e-164,3.657767497455107e-133,1.063125873703099e-299,1.0,0.0,5.357040823413601e-198,5.882286677647167e-24,5.274339250509126e-281
25475,1,0.0,1.0,0.0,4.774005765539645e-60,0.0,4.504440256538593e-52,0.0,6.67679251890919e-42,4.996818619358202e-188,0.0
27129,1,0.0,1.0,0.0,2.8902670827243937e-66,0.0,1.937829400335663e-34,0.0,2.4497698972582886e-54,1.4664189732369813e-156,0.0
27348,5,0.0,4.4007391412912244e-79,6.617330405867856e-110,5.588575213958729e-143,1.6342072587575314e-263,0.9375880385205847,0.0,1.7934056060154154e-233,0.06241196147941234,3.942780433501433e-234
34513,8,0.0,2.9238453253785884e-107,2.5191820517369793e-85,2.0544470946627346e-163,5.4170823794779316e-248,7.617431854477422e-17,6.716355647374479e-285,2.428102130856108e-276,1.0,2.4330943439168155e-211
34554,8,0.0,2.6139065045517284e-105,3.860911141987061e-86,3.5837490538736143e-162,2.0398058457393736e-249,1.1943570822930477e-15,6.284878602774276e-287,2.403572417980482e-273,1.0,2.5109452945908964e-213
47133,2,0.0,7.832556839e-314,1.0,4.261644486184784e-278,6.49054510016063e-140,9.27356141064438e-168,8.599300963164628e-43,0.0,3.3850990836663e-40,9.697228781242814e-79
57923,2,0.0,1.7460353506663954e-300,1.0,9.560132210690101e-272,3.9583946505081926e-145,2.152134244486963e-156,3.3859220985479444e-50,0.0,6.509775972799098e-35,4.022226534647224e-84
78115,0,1.0,0.0,0.0,0.0,2.1342798808402315e-48,0.0,0.0,0.0,0.0,1.859483615819395e-309
126073,1,0.0,0.9999999999957723,0.0,1.3685828997722319e-72,0.0,4.227375240300538e-12,0.0,2.887102776244131e-71,4.0845295381478175e-113,0.0
160558,3,0.0,1.070561059061873e-231,0.0,1.0,0.0,0.0,0.0,4.584533142820698e-88,0.0,0.0
224209,5,0.0,1.6584754268105323e-46,6.049101896445514e-211,4.0243821744824284e-121,0.0,1.0,0.0,1.3892757672686915e-166,1.0739857388190535e-42,5.14994e-319
333215,7,0.0,1.2196090384367929e-66,0.0,1.4159744155009187e-05,0.0,2.0027780725668373e-305,0.0,0.9999858402558456,0.0,0.0
333701,7,0.0,5.2933083474998546e-20,0.0,1.721752609686055e-26,0.0,9.876184335935097e-169,0.0,1.0,0.0,0.0
333708,5,0.0,2.639599435951117e-24,1.1514367218779306e-276,2.0388775888298275e-100,0.0,1.0,0.0,9.1535074589301e-124,2.427286178079918e-67,0.0
333712,5,0.0,1.2561333441025019e-07,0.0,1.0556372035840461e-82,0.0,0.9999998743866677,0.0,9.228533132683469e-93,2.0451881652714706e-84,0.0
333836,3,0.0,0.0,0.0,1.0,0.0,0.0,0.0,2.5912222804593093e-192,0.0,0.0
333839,5,0.0,7.0232342614973925e-78,3.623627196962648e-113,3.996642772890841e-142,3.110401058877454e-266,0.9981980732792999,0.0,4.976368155123008e-231,0.001801926720700764,9.09742600041076e-238
333840,0,1.0,0.0,0.0,0.0,3.460588296638537e-49,0.0,0.0,0.0,0.0,2.58718811045e-312
333877,5,0.0,6.382985874251883e-08,0.0,8.252281763604357e-83,0.0,0.9999999361701433,0.0,2.564081704065832e-93,1.5396098219171412e-84,0.0
334112,3,0.0,0.0,0.0,1.0,0.0,0.0,0.0,2.2696224688126644e-283,0.0,0.0
334323,5,0.0,4.643422670478976e-77,3.5311689430676593e-116,5.140779555665291e-142,5.641572947070949e-268,0.9998390720367273,0.0,3.454375987511591e-229,0.00016092796327201914,7.938805670299627e-240
334863,3,0.0,5.399479850554671e-245,0.0,1.0,0.0,0.0,0.0,1.9145650501430864e-96,0.0,0.0
606805,6,0.0,0.0,2.1094189537240487e-72,0.0,1.640397708887452e-59,0.0,0.9999994353986383,0.0,4.991781548503223e-180,5.646013587336409e-07
814670,7,0.0,2.0483839322928396e-53,0.0,6.944514764003642e-14,0.0,2.2602725915077938e-265,0.0,0.999999999999929,0.0,0.0
815539,5,0.0,2.212193294324493e-74,8.128399107231907e-126,2.0995463149498817e-140,7.939102249591442e-274,0.9999999663387703,0.0,1.4282693650748324e-223,3.3661228376333145e-08,3.199933794281248e-247
836103,2,0.0,0.0,0.999999999209976,1.4887494509221385e-302,3.41115728331177e-111,2.764752336126056e-218,7.900225505641844e-10,0.0,2.632765560712267e-62,3.0439492511014944e-49
974905,1,0.0,0.9999989726303886,0.0,5.665966825308257e-34,0.0,5.153087006591805e-106,0.0,1.0273696115430333e-06,3.098823971739135e-285,0.0
1002435,0,1.0,0.0,0.0,0.0,9.890301607536846e-64,0.0,0.0,0.0,0.0,0.0
43242,1,0.0,1.0,0.0,2.1948491235771905e-50,0.0,2.1942011044719272e-74,0.0,9.800815603062166e-27,2.469506430023541e-229,0.0
47130,0,1.0,0.0,0.0,0.0,1.8702184545678877e-40,0.0,0.0,0.0,0.0,1.3396514727291505e-281
59793,1,0.0,1.0,0.0,3.348800746769675e-61,0.0,5.290953402623167e-49,0.0,7.025127408735966e-44,1.9102086311818257e-183,0.0
123130,8,0.0,3.451619810033896e-201,8.022773609548721e-13,3.0586032843294525e-217,2.626056776079505e-182,1.5851640519578646e-76,4.716770129288077e-124,0.0,0.9999999999991971,6.490559838528608e-128
124339,1,0.0,0.9986267734654032,0.0,5.495358308122996e-31,0.0,4.153631565288676e-111,0.0,0.0013732265346000543,3.1777913961548706e-294,0.0
189245,8,0.0,3.5095937470058516e-179,3.5847923507682533e-28,5.3162807344305333e-207,5.082591610217984e-201,9.073425977155417e-62,2.283166384884695e-160,0.0,1.0,2.9564468595148453e-150
333576,7,0.0,2.0519288458273002e-64,0.0,4.0551993936903244e-07,0.0,1.494624358505194e-298,0.0,0.9999995944800629,0.0,0.0
333749,2,0.0,0.0,1.0,7.751325864696319e-299,2.9459629476169725e-117,5.625083651645948e-209,4.690459406825084e-16,0.0,2.1076391663496022e-58,3.0879462181986692e-55
334009,3,0.0,2.1297377035504115e-199,0.0,1.0,0.0,0.0,0.0,3.0118469098994816e-68,0.0,0.0
334761,4,1.5511360649767156e-24,0.0,0.0,0.0,1.0,0.0,0.0,0.0,0.0,1.8498471374102522e-123
360069,6,0.0,0.0,2.5502970979211777e-77,0.0,4.3843439070443406e-55,0.0,0.9980505036655628,0.0,5.883239736939174e-186,0.001949496334439585
623111,8,0.0,3.67961242716935e-105,6.241460245375783e-87,4.9018418536047e-162,3.089079226472337e-249,1.4408723224604748e-15,6.2154175696069536e-288,4.763895970872438e-273,1.0,4.576434382374909e-213
798138,1,0.0,1.0,0.0,7.932716922022622e-72,0.0,2.391355164245952e-15,0.0,8.967586065039721e-69,4.493738681478804e-119,0.0
811836,6,0.0,0.0,2.236074561830687e-43,0.0,8.704136450951398e-85,0.0,1.0,0.0,2.791521116681123e-136,7.475894664420909e-27
815894,3,0.0,2.3175800617003822e-225,0.0,1.0,0.0,0.0,0.0,3.9540038806219665e-84,0.0,0.0
817615,5,0.0,1.3010051969159077e-39,6.072174288443117e-233,4.51115294382766e-115,0.0,1.0,0.0,4.980243993713458e-153,8.267052480615444e-51,0.0
18032,8,0.0,5.218861806437131e-210,2.114222949969629e-05,4.758819040631834e-221,1.4340193992734641e-173,3.153158238508609e-82,1.3134628525811544e-108,0.0,0.9999788577704993,3.4353890828749217e-118
31338,8,0.0,3.6218618844712193e-168,7.058157860874414e-37,1.921324389199121e-201,2.176462902574674e-209,1.5321981079385985e-54,2.1442963263372057e-178,0.0,1.0,2.9752008105018564e-160
67230,8,0.0,9.118357547369407e-144,1.8589425689129512e-56,3.4432344565699006e-187,9.242385920060768e-227,2.9821290967779826e-39,2.106177987678841e-221,0.0,1.0,3.342544350504967e-182
795536,8,0.0,1.7360931598881112e-211,4.149126899658941e-05,1.4699560580697109e-221,9.908810652959904e-173,1.81126063370742e-83,1.0047170456254875e-106,0.0,0.9999585087310048,5.559505079312094e-117
891524,1,0.0,0.9999220914014433,0.0,4.29066194808008e-32,0.0,4.493038448483998e-109,0.0,7.790859855701095e-05,3.8734670314308855e-291,0.0
18493,8,0.0,5.022252488078673e-149,3.499661367606537e-52,1.2932559382516676e-190,4.716239050928694e-223,2.0455372303970122e-42,9.632365631443435e-213,0.0,1.0,1.8857799565816126e-177
45052,6,0.0,0.0,3.09695403107435e-44,0.0,7.385402045837694e-85,0.0,1.0,0.0,2.933675901750452e-137,6.2407976642698094e-27
68832,0,1.0,0.0,0.0,0.0,1.5529852826033825e-22,0.0,0.0,0.0,0.0,8.202727599121171e-224
88447,8,0.0,1.7918104333440184e-179,5.927074643438393e-28,3.601066504588426e-207,9.39151689674357e-201,6.070058965744717e-62,6.419695419475504e-160,0.0,1.0,6.092425264717375e-150
333734,7,0.0,3.7163932899964435e-67,0.0,3.373014569544277e-05,0.0,6.193763260153959e-307,0.0,0.9999662698543043,0.0,0.0
333736,7,0.0,6.944496519770207e-35,0.0,2.0219466337148218e-22,0.0,5.183853349520895e-211,0.0,1.0,0.0,0.0
333742,7,0.0,6.0397470129109895e-18,0.0,7.136708560853165e-27,0.0,6.483868506418238e-163,0.0,1.0,0.0,0.0
627153,6,0.0,0.0,8.439644549788354e-13,0.0,2.513611661839042e-99,3.983055023144805e-261,0.9999999999991545,0.0,2.702317834318116e-87,3.009354501656553e-38
627175,8,0.0,1.1070699851603518e-133,4.392186913542288e-64,6.224010108621269e-181,2.4420631973616882e-233,5.748215032822742e-33,1.8930546656975107e-238,2.45436314e-316,1.0,6.39864885561778e-191
629586,1,0.0,1.0,0.0,3.357482986328626e-68,0.0,9.704354509889369e-29,0.0,1.7528688222011907e-58,1.857717035654361e-145,0.0
686277,5,0.0,5.1967526529315454e-54,3.4788015492983466e-189,3.954932213439044e-127,9.26781484e-315,1.0,0.0,1.8831923818842265e-181,5.376171752890848e-34,1.8278245984234258e-301
818230,2,0.0,1.600994803076206e-269,1.0,3.224638091836998e-255,2.3488675919987852e-155,1.9971589486262357e-130,9.139792252043677e-68,0.0,1.5214392232774494e-22,8.112439336594157e-96
974667,5,0.0,0.0008499199684110808,0.0,1.8732590431659646e-78,0.0,0.9991500800315873,0.0,7.792220519172959e-86,7.41401569830576e-88,0.0
1002354,8,0.0,7.422665512556816e-207,3.201190710903274e-08,6.343898805179308e-220,1.0222036788407657e-176,4.3621691070941165e-80,5.265291303903052e-114,0.0,0.9999999679880963,1.675931073882154e-121
1002437,4,1.055743296297075e-121,0.0,0.0,0.0,1.0,0.0,1.027722099962076e-299,0.0,0.0,9.395172108602355e-21
1002441,6,0.0,0.0,1.2018417732104168e-68,0.0,3.737812701251534e-64,0.0,0.9999999998669935,0.0,3.356905946619552e-174,1.3300791735462243e-10
51054,1,0.0,0.9999999333123122,0.0,1.4006333956747646e-73,0.0,6.6687687524113e-08,0.0,1.6791926242552165e-74,8.941706427276617e-105,0.0
404209,1,0.0,1.0,0.0,1.8670993095943442e-65,0.0,2.8907904983775796e-37,0.0,3.062105522036387e-52,1.3551641171531606e-161,0.0
966476,8,0.0,2.2694174794291333e-158,9.215989995781658e-45,4.070756237477012e-196,1.7559358385996054e-216,2.881023524955685e-48,4.600208848254362e-196,0.0,1.0,4.551101975995285e-169
1002431,5,0.0,2.7855948217032846e-17,1.7093978061259233e-296,2.6870809778949907e-93,0.0,1.0,0.0,1.2048476153974305e-110,2.751055927751371e-74,0.0
67179,7,0.0,1.0786858886874268e-07,0.0,4.726047147393395e-28,0.0,1.2669592212351643e-134,0.0,0.9999998921314117,0.0,0.0
67225,8,0.0,2.493634367677404e-122,2.1210286957793118e-73,1.5544114983751711e-173,8.050082496750719e-240,5.202560069295673e-26,1.6979364502970923e-258,3.982205906620784e-299,1.0,9.333671693129088e-200
332856,7,0.0,1.1788810822745403e-28,0.0,1.943050360232712e-24,0.0,4.825954575949297e-193,0.0,1.0,0.0,0.0
18067,2,0.0,0.0,0.9999999999999929,5.318531285781844e-299,2.1976049293001093e-116,3.0630429849425525e-209,1.0347178884388048e-14,0.0,4.716435279892534e-59,2.0534106283576467e-54
334102,8,0.0,1.6221277113232493e-148,6.748827718485327e-52,4.253159494527835e-190,6.997427504655793e-224,3.560229141509204e-42,1.4873441465954018e-212,0.0,1.0,1.384018974749833e-178
34539,3,0.0,6.974298065126824e-120,0.0,1.0,0.0,0.0,0.0,2.5272326331158555e-23,0.0,0.0
59374,2,0.0,9.326591628646247e-256,1.0,2.6026330109325552e-247,2.5073739332065003e-158,5.898601455531043e-119,5.07618427886189e-76,0.0,1.7008036196295314e-16,2.4848737036133357e-99
64754,6,0.0,0.0,0.008938382300101105,1.6009404254122e-310,1.8844747431832053e-101,1.705478291542112e-235,0.9910616176998993,0.0,2.1682531639757987e-71,8.119940637586302e-40
333597,0,1.0,0.0,0.0,0.0,3.77468422723162e-48,0.0,0.0,0.0,0.0,1.4520657159987566e-308
333679,6,0.0,0.0,2.4238928542122668e-33,0.0,2.3925273443938367e-91,8.65491590379e-312,1.0,0.0,2.70817833710084e-120,5.099762911938058e-32
333691,8,0.0,3.7189939947254515e-187,1.3402196775988847e-22,3.954770203226933e-211,3.692850266406161e-194,6.852281861218124e-67,1.5774892268831965e-146,0.0,1.0,7.819418220724265e-142
333725,3,0.0,6.51603669411001e-85,0.0,0.9999955720649446,0.0,0.0,0.0,4.427935052524202e-06,0.0,0.0
333737,5,0.0,1.0235167084974215e-54,3.0790390130483276e-187,1.3037388859991615e-127,1.7098938335e-313,1.0,0.0,7.0487547632550776e-183,3.474095307582094e-33,1.1092963548591981e-299
333774,8,0.0,5.10324542677766e-168,7.973172815666081e-37,2.1238283359498587e-201,1.5662756738965009e-209,2.0084121175589588e-54,9.292411151331134e-179,0.0,1.0,1.8282141911963853e-160
333776,5,0.0,3.6156503087045607e-34,1.3509014550212735e-248,4.7893482635707163e-110,0.0,1.0,0.0,1.6537867487544395e-142,8.290800218560621e-57,0.0
333783,6,0.0,0.0,1.548741571461104e-39,0.0,3.6988414501844784e-88,0.0,1.0,0.0,4.151810009358871e-129,1.3232819434301827e-29
333875,5,0.0,5.513948386731912e-44,1.2180646869886306e-219,6.006993162109015e-119,0.0,1.0,0.0,1.4653607351052094e-161,8.684154047909532e-46,0.0
333956,8,0.0,7.0943592187046335e-96,3.1618998655928987e-94,5.2029146247243445e-155,4.58741296590702e-254,3.983233651452398e-10,1.3703677860235927e-303,3.0145786081986766e-259,0.9999999996016768,3.3868105480806236e-220
334760,2,0.0,0.0,1.0,5.9479665223701474e-294,7.00441772168741e-123,9.62864330952572e-199,8.786008503232969e-22,0.0,3.6112657469115136e-54,4.045550705764793e-61
458618,5,0.0,4.2603391662969e-56,2.969018551817993e-183,8.629811394133206e-129,5.0505944067065e-311,1.0,0.0,1.265807096114215e-185,1.7175305114865255e-31,3.300348006240974e-296
616896,1,0.0,1.0,0.0,2.711161690995986e-69,0.0,2.6874554986648187e-25,0.0,4.1919115352317327e-61,2.242573155559485e-138,0.0
816836,0,1.0,0.0,0.0,0.0,1.8999421178030526e-70,0.0,0.0,0.0,0.0,0.0
819116,7,0.0,2.1959385760278348e-62,0.0,1.789201562114119e-08,0.0,3.6917999136734596e-292,0.0,0.9999999821079869,0.0,0.0
1003636,5,0.0,9.700070073770839e-38,1.00410798311519e-236,1.8108400441932143e-113,0.0,1.0,0.0,1.7697467430011302e-149,1.7818274118404726e-52,0.0
189194,8,0.0,6.288282223240671e-121,3.871838834182598e-74,1.3459899519664196e-172,6.77755933429562e-241,3.7868520473019006e-25,2.180970178377097e-260,5.4569386646207614e-297,1.0,3.172213885211365e-201
606783,8,0.0,4.2327023663105494e-136,4.0179083391949776e-61,1.1963016602846256e-182,6.836507307044513e-232,2.353195879060078e-34,6.787775411469531e-234,4.7e-320,1.0,3.474963156036931e-189
629236,0,1.0,0.0,0.0,0.0,2.1476353517038265e-27,0.0,0.0,0.0,0.0,7.334435305959817e-239
814338,5,0.0,9.987123794175251e-29,2.6255730031226113e-265,7.836025931989484e-105,0.0,1.0,0.0,4.2045178200160085e-132,7.734953049109867e-63,0.0
61313,8,0.0,1.8185299920072072e-90,1.6413587664092524e-97,2.2813694907639327e-151,1.1581399699138106e-256,6.925268104146029e-07,2.784513316e-313,4.000138291175013e-251,0.9999993074731872,2.2705398527840825e-224
641104,0,0.9997367772944735,0.0,0.0,0.0,0.0002632227055266824,0.0,0.0,0.0,0.0,7.974550654375213e-171
23846,2,0.0,0.0,1.0,1.2035732114842855e-295,8.51497111845004e-122,1.544409957957184e-201,1.3486482583048344e-20,0.0,2.1369072746637302e-55,9.143940599180563e-60
334105,7,0.0,1.0640096023902521e-61,0.0,6.670915601092689e-09,0.0,4.8923538987435313e-290,0.0,0.9999999933290837,0.0,0.0
606810,8,0.0,3.8927264462733103e-203,1.9963676838860403e-11,2.941020804710095e-218,4.482251247040161e-180,1.0242766949956972e-77,3.000007889912149e-121,0.0,0.9999999999800337,2.3005063381806382e-125
810204,8,0.0,3.9961091420851935e-100,1.5783611871137267e-90,1.956491150094044e-158,5.006255032306954e-252,1.3702467873266688e-12,6.97218047936741e-296,1.71331980515545e-265,0.9999999999986287,3.930100094384745e-217
27185,1,0.0,1.0,0.0,1.6823783430156692e-50,0.0,2.746881525719176e-74,0.0,6.944197500991968e-27,1.2317163792486046e-228,0.0
31138,3,0.0,4.305029581030961e-116,0.0,1.0,0.0,0.0,0.0,2.1645013303578466e-21,0.0,0.0
31151,8,0.0,2.9168981853555956e-137,5.795286342471766e-60,2.926920898174525e-183,4.141667922919218e-231,4.255703073842842e-35,1.1550137434761657e-231,7.4e-322,1.0,2.914254972097252e-188
333564,2,0.0,0.0,1.0,2.1147104788154567e-286,2.0736422594088964e-132,1.6585317347062419e-183,8.034516199763746e-33,0.0,6.474378447784812e-47,1.3373198622018072e-70
333631,1,0.0,1.0,0.0,1.2092502136676358e-55,0.0,1.7430975891560328e-62,0.0,1.3470775028577793e-34,2.8069534128797247e-208,0.0
333682,8,0.0,1.7294763272740233e-135,8.224349448201375e-63,4.1528287339638624e-182,4.217760913699109e-232,4.393313378309151e-34,1.8035689489562226e-235,4.11394e-319,1.0,3.0552164529454003e-189
334121,3,0.0,4.2131382439468815e-100,0.0,0.9999999999997584,0.0,0.0,0.0,2.4468706463734813e-13,0.0,0.0
334564,0,1.0,0.0,0.0,0.0,9.272122004782011e-67,0.0,0.0,0.0,0.0,0.0
360075,3,0.0,6.135664350925984e-237,0.0,1.0,0.0,0.0,0.0,2.1267041846348415e-91,0.0,0.0
775323,3,0.0,2.5484910772520823e-211,0.0,1.0,0.0,0.0,0.0,2.0079312750168011e-75,0.0,0.0
813399,6,0.0,0.0,5.800734038051705e-27,0.0,1.841336575399571e-94,7.275522077206684e-296,1.0,0.0,3.627779483252663e-110,1.855982414061568e-34
816485,1,0.0,1.0,0.0,1.1419325933154338e-65,0.0,9.545347181207829e-37,0.0,1.2683520787885302e-52,2.2730793534868623e-160,0.0
971810,3,0.0,3.919643685356212e-86,0.0,0.9999988754696715,0.0,0.0,0.0,1.1245303315939363e-06,0.0,0.0
1002274,2,0.0,5.96273071e-315,1.0,9.744950808545066e-279,8.532547972372429e-140,7.280402237847615e-169,1.513534487317461e-42,0.0,2.4614097885889966e-40,2.355514885912673e-78
27197,8,0.0,1.2910376060634305e-130,5.033582040482127e-66,3.1939693096755864e-179,2.673543300993708e-235,5.7001140738510435e-31,2.7792169142695833e-243,1.267954076958e-311,1.0,1.5543893563827438e-193
333592,7,0.0,9.813725613670577e-15,0.0,2.0288221875224532e-27,0.0,5.5688228894776356e-154,0.0,0.9999999999999929,0.0,0.0
815872,0,1.0,0.0,0.0,0.0,1.670944290969336e-62,0.0,0.0,0.0,0.0,0.0
966404,5,0.0,3.0323857238011954e-64,5.0154797771671465e-157,1.3718469050221477e-134,1.7643240698682433e-295,1.0,0.0,2.821834556105635e-202,3.3514604620156544e-21,1.862418278041363e-275
162450,7,0.0,8.491497834424443e-12,0.0,9.378068887704126e-28,0.0,7.200331222550992e-146,0.0,0.999999999991509,0.0,0.0
333217,5,0.0,1.2734734343900402e-71,4.771966716622586e-135,6.346385485868369e-139,1.0808945926591657e-279,0.9999999999923546,0.0,1.0190880843714844e-217,7.645800500794788e-12,9.35397935639047e-255
334077,0,1.0,0.0,0.0,0.0,4.375503726468645e-61,0.0,0.0,0.0,0.0,0.0
43193,5,0.0,9.822086093326459e-52,6.235821923086926e-195,2.2017953279667906e-125,1.938467e-318,1.0,0.0,5.786488101737286e-177,2.0433095232064847e-36,9.357343163084919e-307
166419,5,0.0,8.602452272002486e-52,2.6861188212568086e-197,1.4985174841152465e-125,6.247065e-318,1.0,0.0,5.857691626030032e-177,1.865754377905701e-36,1.0808345410889572e-305
826290,4,2.900456857269862e-95,0.0,0.0,0.0,1.0,0.0,0.0,0.0,0.0,1.5542559035694433e-42
333890,0,1.0,0.0,0.0,0.0,2.936198689162005e-45,0.0,0.0,0.0,0.0,2.9089520995157542e-298
630810,6,0.0,0.0,4.025922731977793e-57,0.0,1.441704369724817e-75,0.0,1.0,0.0,9.692879209282249e-156,1.0901959857315292e-19
333563,1,0.0,0.9999999999526921,0.0,6.767996068218487e-38,0.0,3.786716133915967e-99,0.0,4.730931949156947e-11,1.8163838976883664e-272,0.0
334333,7,0.0,4.000724090282728e-34,0.0,9.823369510845191e-23,0.0,1.6017987406778828e-208,0.0,1.0,0.0,0.0
612269,4,9.384621603376512e-122,0.0,0.0,0.0,1.0,0.0,2.589786810199052e-300,0.0,0.0,8.40955079270244e-21
18072,3,0.0,8.768255831206666e-134,0.0,1.0,0.0,0.0,0.0,1.1410987746515265e-30,0.0,0.0
334539,5,0.0,4.101427411195817e-27,2.6963792102556777e-271,3.5904090907074694e-103,0.0,1.0,0.0,4.1036101627974576e-129,1.4178712414544958e-64,0.0
404210,0,1.0,0.0,0.0,0.0,1.22116284235142e-37,0.0,0.0,0.0,0.0,4.3667458016197265e-272
814592,7,0.0,1.785518667490369e-70,0.0,0.009158957605324789,0.0,3.6614736e-317,0.0,0.9908410423946743,0.0,0.0
8594,1,0.0,1.0,0.0,4.684606991495406e-58,0.0,3.600719301153527e-57,0.0,2.768753335411716e-38,7.101475051031575e-198,0.0
36492,1,0.0,1.0,0.0,5.634783200000587e-54,0.0,1.628696755760433e-66,0.0,6.53272793457032e-32,3.4174289650765045e-215,0.0
285469,2,0.0,2.418629745608524e-258,1.0,8.717401956214116e-249,9.273495636327248e-158,3.837210240085635e-121,1.4222771419164825e-74,0.0,1.57243232796918e-17,1.2862480442737177e-98
332822,5,0.0,2.3695649158069727e-63,1.6326992908193787e-160,5.081929813293492e-134,3.390794232054485e-297,1.0,0.0,2.177290149471046e-200,2.4037112568786963e-22,1.3095789756504666e-277
333918,6,0.0,0.0,6.416355686796885e-48,0.0,1.9802802783865124e-82,0.0,1.0,0.0,1.1174164194901319e-142,4.937850537251815e-25
334116,2,0.0,0.0,0.9999999985198542,2.286677783058743e-302,3.0849646365029397e-111,6.391649114379198e-218,1.480142441668028e-09,0.0,2.9976515931224915e-62,2.4643806772791642e-49
189200,0,1.0,0.0,0.0,0.0,2.908387077066576e-68,0.0,0.0,0.0,0.0,0.0
333558,4,1.321923584810053e-13,0.0,0.0,0.0,0.9999999999998721,0.0,0.0,0.0,0.0,7.940882940002144e-140
1003669,9,5.301256145027581e-177,0.0,0.0,0.0,2.417122397024113e-10,0.0,1.4589115087004e-162,0.0,0.0,0.9999999997582876
1003670,4,3.12300411406086e-91,0.0,0.0,0.0,1.0,0.0,0.0,0.0,0.0,3.1748689037914484e-46
71568,9,2.60325947e-315,0.0,1.3867141002041419e-98,0.0,5.328953029949072e-49,0.0,1.3228441452973418e-10,0.0,1.4037879118496771e-213,0.9999999998677183
301533,4,8.65780029648652e-81,0.0,0.0,0.0,1.0,0.0,0.0,0.0,0.0,3.862647527194998e-56
975244,6,0.0,0.0,3.021545246915105e-49,0.0,3.1287517094032436e-81,0.0,1.0,0.0,4.844836678273434e-145,4.5910268691788396e-24
975266,6,0.0,0.0,1.599417860412969e-61,0.0,1.0478355849672517e-70,0.0,1.0,0.0,5.190362607380795e-164,8.195233352470652e-16
625256,5,0.0,7.279633404054451e-66,2.231119844360933e-152,1.4130903442663516e-135,1.8901449546212344e-292,1.0,0.0,1.3613973190308434e-205,2.5865671762099537e-19,2.1753684130993593e-271
686270,8,0.0,1.6863603508203033e-187,1.6550040929442917e-22,2.833810421588611e-211,3.655439991670388e-194,3.385678017272189e-67,1.3358043235318331e-146,0.0,1.0,8.388901360360104e-142
1003933,0,1.0,0.0,0.0,0.0,1.0862201867301168e-15,0.0,0.0,0.0,0.0,3.226760990098078e-203
332767,1,0.0,1.0,0.0,1.1128222922368954e-47,0.0,3.0121475911369335e-80,0.0,5.474433596024096e-23,4.173546401159299e-239,0.0
333905,2,0.0,3.6461349543820174e-279,1.0,2.017083989534762e-260,2.2965122908849813e-152,1.6581503312379206e-138,1.8862534986081065e-62,0.0,1.7535867456515577e-26,1.7654175427478026e-92
334335,5,0.0,7.322246468811662e-70,4.7208273753776095e-139,4.365091728191584e-138,6.116795704372706e-284,0.9999999999999503,0.0,6.001368470443153e-214,5.150104751613586e-14,2.167244843183675e-260
333849,2,0.0,2.3494458260305717e-265,1.0,1.0251288532714891e-252,1.0701700553674069e-156,4.2719404269821e-127,2.1018319226549122e-70,0.0,1.5161858653443043e-20,2.495824705892947e-97
334090,5,0.0,6.195293877088367e-05,0.0,1.0540236304455787e-79,0.0,0.999938047061236,0.0,7.630061167900746e-88,5.215483960078347e-87,0.0
1002361,1,0.0,1.0,0.0,8.530226793260314e-51,0.0,5.0320949482278175e-73,0.0,1.4829381763581692e-27,1.3276929520100301e-227,0.0
628580,8,0.0,5.569700852939619e-189,3.674923254716957e-21,6.184120284335998e-212,1.5990029821712764e-192,4.259782959042414e-68,3.40562942973809e-143,0.0,1.0,6.360363966049172e-140
686466,4,4.2849790558019075e-45,0.0,0.0,0.0,1.0,0.0,0.0,0.0,0.0,8.827981622150656e-96
1002933,4,6.764234021774608e-113,0.0,0.0,0.0,1.0,0.0,0.0,0.0,0.0,1.2615903145668906e-27
1004254,0,0.9999999999935483,0.0,0.0,0.0,6.456010288289261e-12,0.0,0.0,0.0,0.0,2.550542216352819e-192
43020,1,0.0,1.0,0.0,3.1654553743870465e-43,0.0,1.0443582506074163e-88,0.0,1.9320437933304714e-17,4.2198901825736e-255,0.0
43228,2,0.0,8.111997083795647e-244,0.9999999999935767,2.8338845039834405e-240,4.827445333647941e-162,3.482457572507674e-109,1.5557567550266187e-82,0.0,6.4211729357884376e-12,5.352147526401357e-104
339961,1,0.0,1.0,0.0,1.2331724108141099e-71,0.0,1.529216984687501e-16,0.0,9.207261772951047e-68,1.445965073545356e-121,0.0
531856,9,2.9130577122937968e-179,0.0,0.0,0.0,4.11522128057093e-11,0.0,1.6903092609174788e-159,0.0,0.0,0.9999999999588454
43222,2,0.0,0.0,0.9999999999053273,5.142779868888821e-302,4.336357717398957e-112,5.743791305061309e-217,9.467499596694922e-11,0.0,9.57218190519797e-62,4.085231186182892e-50
60036,2,0.0,6.866081237573137e-245,0.9999999999967102,7.091719999375166e-241,8.768031519744055e-162,4.3687388719305176e-110,8.199705196401571e-82,0.0,3.287264652644398e-12,1.4663272332786156e-103
129286,6,0.0,0.0,2.066529626770828e-54,0.0,7.206229089142102e-78,0.0,1.0,0.0,1.1473979199098539e-151,1.679590855024221e-21
333889,8,0.0,3.071686167859575e-100,1.5327749485896623e-90,3.423188573791119e-158,5.687966757419009e-252,1.0515586412369787e-12,5.181373931353674e-296,8.638960829792993e-266,0.9999999999989484,4.334711371468222e-217
1002374,0,1.0,0.0,0.0,0.0,6.509374861142577e-54,0.0,0.0,0.0,0.0,0.0
153824,2,0.0,0.0,1.0,7.316321661034724e-287,6.502946086134427e-132,2.0831684121713817e-184,2.799584041947263e-32,0.0,2.6144619709841257e-47,4.385201869206324e-70
333677,5,0.0,9.301908760368135e-64,2.017231007724236e-158,2.8956573055638857e-134,1.5404779656292176e-296,1.0,0.0,2.977884533030222e-201,6.376487322483209e-22,5.762413701331487e-277
863525,6,0.0,0.0,1.6895781784072173e-53,0.0,3.2730824630839694e-78,0.0,1.0,0.0,2.766666513765064e-151,1.050746983496219e-21
24927,2,0.0,2.3336441568427564e-308,1.0,1.693969357409231e-275,2.0479274140732934e-142,2.964978908518213e-163,2.7536560782562955e-46,0.0,1.0285260548283115e-37,3.693635465732498e-81
1004653,7,0.0,4.189219624598396e-12,0.0,1.1482808948020087e-27,0.0,1.2044894700620615e-146,0.0,0.9999999999958078,0.0,0.0
162856,4,7.524337510534614e-122,0.0,0.0,0.0,1.0,0.0,4.4572998362813724e-299,0.0,0.0,1.1059781959174754e-20
334795,5,0.0,4.584872166250436e-29,4.4417870078988205e-264,2.8569803462262132e-105,0.0,1.0,0.0,9.547640937422747e-133,2.2629348854720378e-62,0.0
458557,8,0.0,1.1456809476341439e-209,1.754990802411228e-06,6.61537186565444e-221,2.2154427483146784e-174,3.5272639648314594e-82,1.0153798310105708e-109,0.0,0.9999982450092001,8.403072477891128e-119
36589,8,0.0,1.0811931040847305e-188,4.53777597928193e-21,9.999578921680257e-212,5.148463584439161e-193,5.757333615393247e-68,1.8960875557618457e-144,0.0,1.0,1.0453119941142484e-140
168191,3,0.0,3.458996582744482e-120,0.0,1.0,0.0,0.0,0.0,1.7162421616930593e-23,0.0,0.0
333723,6,0.0,0.0,7.758409724769005e-34,0.0,2.796912087218294e-91,2.714067541086e-312,1.0,0.0,3.791449239776298e-120,4.6517044257957575e-32
11436,7,0.0,1.9212363355586007e-33,0.0,6.056808442652907e-23,0.0,1.1618202259328106e-206,0.0,1.0,0.0,0.0
20253,6,0.0,0.0,1.705386100844347e-55,0.0,1.957950885606438e-76,0.0,1.0,0.0,1.7356169302213607e-154,2.717891524643952e-20
43210,6,0.0,0.0,8.520435272197487e-46,0.0,2.3910872147824175e-83,0.0,1.0,0.0,7.297796170633582e-140,9.644700578331579e-26
36545,8,0.0,1.1655998413986336e-113,1.5351860333316003e-79,4.835054081643809e-168,6.6607250821843075e-245,1.2432414607811714e-20,6.318385569891094e-273,6.0226551381872625e-286,1.0,7.22265040349322e-207
818910,6,0.0,0.0,7.727914930566801e-47,0.0,1.6985577477700616e-82,0.0,1.0,0.0,1.482910976040835e-141,4.511701883827026e-25
117215,3,0.0,2.174462086654629e-80,0.0,0.9994593636787512,0.0,0.0,0.0,0.0005406363212495897,0.0,0.0
334130,2,0.0,5.203627035719482e-225,0.9992574592480233,9.229223825460877e-229,1.8278400495570412e-165,1.2418900279754607e-93,1.1750715360834084e-92,0.0,0.0007425407519760216,2.205966414050743e-108
333935,2,0.0,3.805451089252525e-253,1.0,8.441465888128121e-246,8.53875025026473e-160,7.183826323140063e-117,2.822080912388447e-77,0.0,7.452503296177517e-16,3.0873973992318214e-101
627177,2,0.0,0.0,1.0,5.243988703076875e-285,6.628085372147432e-134,6.672285033103259e-180,3.142193681837214e-35,0.0,1.3086791925631072e-45,3.592395467322539e-72
627121,2,0.0,8.179059671875421e-234,0.9999999401156376,3.3838303643034526e-234,4.274435003020914e-164,6.171629288171205e-101,3.8951877696491654e-88,0.0,5.988436006692454e-08,8.508558398451709e-107
167615,8,0.0,9.180388800103976e-184,1.345436394529169e-25,1.7509512859116516e-209,6.182189808710139e-197,9.962558949843452e-65,1.7798315480868595e-153,0.0,1.0,3.960554481120089e-145
333711,2,0.0,0.0,0.9857221721485976,1.2843706099092661e-306,9.761465201931088e-104,6.165289851621097e-228,0.014277827851400979,0.0,5.236187677591984e-67,5.994162876917608e-42
813225,2,0.0,0.0,1.0,4.83628119925486e-289,1.4959161362165163e-129,7.893366329568632e-188,3.651369253773316e-29,0.0,1.8257121493096495e-49,1.094558199925439e-67
36581,5,0.0,7.49085904372264e-15,1.031170983401979e-305,1.7013536527472386e-90,0.0,0.9999999999999929,0.0,4.486620691258826e-106,1.928168405514041e-77,0.0
884477,6,0.0,0.0,5.391317833994086e-22,0.0,3.097054447297599e-96,1.0983944989833698e-283,1.0,0.0,1.6720391660540007e-102,8.222077403982332e-36
50986,9,2.852151444256567e-234,0.0,1.2147517412195737e-226,0.0,5.460971752416219e-29,0.0,7.402102376066316e-89,0.0,0.0,1.0
606812,3,0.0,1.4477199800372717e-102,0.0,0.9999999999999858,0.0,0.0,0.0,1.5329806315211668e-14,0.0,0.0
337488,2,0.0,2.18312341719611e-309,1.0,5.5548709599413866e-276,4.32664054647708e-142,3.786622167888372e-164,1.385245663583135e-45,0.0,3.732363552524604e-38,7.684496550975543e-81
43274,5,0.0,9.553686455021221e-68,3.6448273337029785e-146,8.166878244154952e-137,2.0661852553402754e-288,1.0,0.0,1.6515828024568728e-209,9.090596923260404e-17,3.9831273268416895e-266
333194,1,0.0,1.0,0.0,6.421574682038003e-51,0.0,2.7363048309783213e-73,0.0,1.6453013213327447e-27,8.970505632094084e-227,0.0
627120,0,1.0,0.0,0.0,0.0,2.103368060509692e-47,0.0,0.0,0.0,0.0,6.95338653367333e-306
16401,9,2.7045015790816057e-287,0.0,3.116233955503589e-141,0.0,5.477691751823441e-43,0.0,2.2773922920882973e-34,0.0,4.16986842580161e-263,1.0
816911,0,1.0,0.0,0.0,0.0,3.548126237547637e-24,0.0,0.0,0.0,0.0,9.364494136909662e-229
609571,5,0.0,2.0476539041244956e-35,7.256726036961789e-244,2.4174004543359663e-111,0.0,1.0,0.0,5.339346134745549e-145,6.575281546587099e-55,0.0
640346,6,0.0,0.0,4.0675201185226864e-42,0.0,5.056638284274627e-86,0.0,1.0,0.0,3.0668977508922985e-134,7.606608418565168e-28
819146,0,1.0,0.0,0.0,0.0,2.877453307572074e-57,0.0,0.0,0.0,0.0,0.0
18077,5,0.0,2.5651453688973457e-75,3.2225258632783e-122,3.7101896682277935e-141,5.711730574196895e-272,0.9999993136540521,0.0,2.0444190307429222e-225,6.863459483750823e-07,7.58346358563512e-245
966423,8,0.0,8.097635418714764e-157,9.137492990594735e-45,5.172672346367032e-195,8.231786067396918e-218,2.5484222586646857e-47,3.251210163727743e-198,0.0,1.0,4.329445437633744e-171
333634,6,0.0,0.0,4.6701742713900327e-63,0.0,3.884461503053545e-69,0.0,0.9999999999999858,0.0,2.9004291198367357e-166,1.409428313616407e-14
814500,0,1.0,0.0,0.0,0.0,3.471241403952329e-43,0.0,0.0,0.0,0.0,5.2578852270739425e-291
629237,6,0.0,0.0,3.583130352788741e-54,0.0,4.948892182073859e-77,0.0,1.0,0.0,1.2040444910707292e-152,9.201044905065139e-21
1007564,8,0.0,4.732993586561272e-203,1.4722258813315615e-11,3.740794619373677e-218,2.2492451496291706e-180,1.0028760031328721e-77,2.5155193687800294e-121,0.0,0.9999999999852776,1.1294170261405972e-125
333076,2,0.0,3.86478327942815e-260,1.0,1.1596104671397132e-249,5.229765690099722e-158,8.57642248200436e-123,3.244429499864245e-73,0.0,2.510060681314507e-18,7.408923398878517e-99
1005734,9,2.3043801032304947e-199,0.0,2.513825424764725e-290,0.0,5.170896871087338e-18,0.0,3.293114011856901e-132,0.0,0.0,1.0
333780,1,0.0,1.0,0.0,3.91931120005069e-47,0.0,4.213502797966319e-81,0.0,2.4916244344711115e-22,1.8051698865719425e-241,0.0
69967,5,0.0,5.511667008724508e-41,7.515176518174697e-230,2.754625766831574e-116,0.0,1.0,0.0,1.0491633461003363e-155,2.7232394474995787e-49,0.0
333841,8,0.0,5.86985969613086e-208,7.975860438041907e-08,4.664904587671076e-220,4.1819376990822456e-176,4.0284222292400676e-81,9.89806703051495e-113,0.0,0.9999999202413964,8.059819385574159e-121
641414,0,1.0,0.0,0.0,0.0,2.1661262531878907e-47,0.0,0.0,0.0,0.0,7.733902002717336e-306
759180,4,5.497429847756677e-54,0.0,0.0,0.0,1.0,0.0,0.0,0.0,0.0,4.508143569840662e-85
813480,4,1.9785746835190436e-119,0.0,0.0,0.0,1.0,0.0,8.19590076408598e-309,0.0,0.0,1.4549338217181761e-22
910580,0,1.0,0.0,0.0,0.0,2.1834850199219333e-95,0.0,0.0,0.0,0.0,0.0
332832,0,1.0,0.0,0.0,0.0,1.6226217646680382e-75,0.0,0.0,0.0,0.0,0.0
1002363,1,0.0,0.9996530043419697,0.0,1.5818142757833928e-31,0.0,2.2913446666921505e-110,0.0,0.0003469956580270418,8.217056006290774e-292,0.0
775437,0,1.0,0.0,0.0,0.0,4.0448766242340597e-32,0.0,0.0,0.0,0.0,6.383974797843835e-254
966339,0,1.0,0.0,0.0,0.0,2.415314980944815e-43,0.0,0.0,0.0,0.0,1.4379017930097788e-291
333441,0,1.0,0.0,0.0,0.0,1.5080628223626046e-68,0.0,0.0,0.0,0.0,0.0
966553,8,0.0,2.5264607527739587e-92,2.336561821055629e-95,1.6659704088504397e-152,1.0045879321241049e-255,4.888510378221858e-08,2.22988964184509e-309,5.672731680639079e-254,0.9999999511148955,3.3939833320154895e-223
333572,5,0.0,6.542906347041877e-78,1.835772080617352e-112,2.3724122023542792e-142,4.61387207055996e-266,0.9980391369841269,0.0,4.2465426027957007e-231,0.001960863015872707,9.679745057520596e-238
1008949,0,0.9999968995758794,0.0,0.0,0.0,3.1004241239314245e-06,0.0,0.0,0.0,0.0,3.506031103569105e-176
333929,4,5.296413025891571e-18,0.0,0.0,0.0,1.0,0.0,0.0,0.0,0.0,4.0790647835083676e-133
66939,0,1.0,0.0,0.0,0.0,7.45434544083734e-66,0.0,0.0,0.0,0.0,0.0
19747,5,0.0,3.9959282395470993e-57,6.4089160474686205e-180,1.3937175324556722e-129,3.49228544079043e-309,1.0,0.0,1.0938716091048977e-187,3.418194506980259e-30,1.0713601900462287e-293
966427,8,0.0,2.5218269819066227e-83,3.8082834387757296e-104,5.199749689329525e-146,6.0827301329532634e-260,0.010253185413075938,0.0,2.414712263524014e-240,0.9897468145869239,3.2818764682110094e-229
332768,4,9.928979270056811e-79,0.0,0.0,0.0,1.0,0.0,0.0,0.0,0.0,3.239621799484603e-58
814497,0,1.0,0.0,0.0,0.0,3.3608078019222126e-28,0.0,0.0,0.0,0.0,2.1160515267386974e-241
333854,2,0.0,3.367849495435514e-294,1.0,2.3515593359883736e-268,1.812759425893066e-147,2.76332713033509e-151,2.4615663854924005e-54,0.0,4.999387870613566e-32,1.1511395406733622e-86
1006239,2,0.0,0.0,1.0,9.743460165343068e-295,1.164907376453253e-122,1.5401683834804512e-199,2.6357339318817797e-21,0.0,9.945968307175404e-55,1.0569968494109776e-60
19836,5,0.0,9.858204909213535e-14,2.3119273671307744e-307,1.8470281259540397e-89,0.0,0.9999999999999005,0.0,5.347661557212558e-104,3.43991077967491e-78,0.0
1012893,4,3.60290283781974e-116,0.0,0.0,0.0,1.0,0.0,2.885e-321,0.0,0.0,4.760119285683014e-25
1012894,6,0.0,0.0,2.6857977272929006e-69,0.0,2.9902758771562393e-64,0.0,0.9999999999010925,0.0,6.631601096991735e-174,9.890996414959315e-11
332996,0,1.0,0.0,0.0,0.0,2.0934968406632272e-36,0.0,0.0,0.0,0.0,5.721414975325304e-268
628875,2,0.0,4.025837879260446e-309,1.0,7.703099511719807e-276,5.602496480743167e-142,8.281630955154668e-164,1.535639422128906e-45,0.0,2.811461050420815e-38,6.634697779293334e-81
1006711,0,0.999999994984492,0.0,0.0,0.0,5.0155073986819954e-09,0.0,0.0,0.0,0.0,4.6184745381096665e-184
627151,4,1.2675580754422882e-108,0.0,0.0,0.0,1.0,0.0,0.0,0.0,0.0,4.153949842655488e-31
1012895,2,0.0,0.0,1.0,1.2648040830894406e-284,2.6508104927591554e-134,7.263880063038135e-180,5.151808445456047e-35,0.0,1.9983993463909907e-45,1.2287897654183201e-72
66942,8,0.0,4.3904584888137815e-213,0.0002344907388189869,3.5306279663501984e-222,5.669354482750206e-171,1.314917459231803e-84,1.016360644778618e-104,0.0,0.999765509261182,6.1409525377282315e-115
1002360,0,1.0,0.0,0.0,0.0,5.073076654925882e-60,0.0,0.0,0.0,0.0,0.0
841289,0,1.0,0.0,0.0,0.0,3.021207769221157e-82,0.0,0.0,0.0,0.0,0.0
333738,9,0.0,0.0,7.584232953761164e-85,0.0,4.4444747166120796e-51,0.0,0.005863469301337157,0.0,1.2465612158567703e-195,0.9941365306986645
333773,8,0.0,2.5958542799807738e-160,4.490119118780612e-43,3.43818022681318e-197,2.2903933954391724e-215,1.6161625027833088e-49,2.1741976537787292e-192,0.0,1.0,1.2768058997435756e-167
1014018,8,0.0,1.0797743686741276e-190,6.084172978577807e-20,9.297434822960599e-213,5.2148092678077816e-191,3.1769167516059265e-69,2.0831950103561583e-140,0.0,1.0,3.9571740360746556e-138
66918,4,4.047410931481697e-90,0.0,0.0,0.0,1.0,0.0,0.0,0.0,0.0,3.1102810089041943e-47
1016341,2,0.0,1.2987040053283925e-229,0.9999923327780545,1.2244452198585088e-231,9.221870327408225e-165,1.9117777083723013e-97,5.785680651519858e-90,0.0,7.667221942111236e-06,2.2119039869632018e-107
127613,8,0.0,1.0272280888995816e-100,2.4698464869482408e-89,7.158766959362641e-159,9.033678691795474e-252,6.538690204228107e-13,2.164676785819465e-295,1.8411672778133613e-266,0.9999999999993463,6.046692953633935e-217
871119,0,1.0,0.0,0.0,0.0,4.536546078987206e-66,0.0,0.0,0.0,0.0,0.0
36485,2,0.0,1.1654437661187857e-284,1.0,1.5835481854460952e-263,2.675872502971448e-150,4.837993156772433e-143,1.2527079676630308e-59,0.0,2.0176109752632112e-28,7.000084248606949e-90
16339,1,0.0,0.9999999999999929,0.0,4.4289807241943887e-41,0.0,7.70479359370774e-93,0.0,7.69583250382675e-15,1.5495360480413432e-262,0.0
815963,0,1.0,0.0,0.0,0.0,2.9786284823191097e-71,0.0,0.0,0.0,0.0,0.0
912295,8,0.0,4.501367815717437e-196,1.2677854518327168e-15,4.384988297766357e-215,1.2679333593654113e-186,7.048075924528442e-73,9.481132343982657e-132,0.0,1.0,3.715950099406128e-133
581395,2,0.0,0.0,1.0,7.676094347105216e-287,5.0313906451084767e-132,3.555886155148175e-184,1.995704917910729e-32,0.0,3.0073764606089047e-47,3.3511511398293383e-70
827226,2,0.0,0.0,1.0,1.6248017376149227e-285,1.4143626055639933e-133,4.0244734057391135e-181,2.9887774467429093e-34,0.0,4.157964825302812e-46,8.553574325018311e-72
1002371,0,1.0,0.0,0.0,0.0,1.2117879427421416e-53,0.0,0.0,0.0,0.0,0.0
966477,9,4.367332812248191e-248,0.0,1.06534645140726e-202,0.0,5.589804440720923e-33,0.0,2.913775960933585e-73,0.0,0.0,1.0
1002362,0,1.0,0.0,0.0,0.0,2.144488963608981e-77,0.0,0.0,0.0,0.0,0.0
334162,9,2.103608247354063e-181,0.0,1.176e-321,0.0,6.6520826826406475e-12,0.0,1.0706897237958508e-155,0.0,0.0,0.9999999999933493
333274,6,0.0,0.0,1.8827033213556777e-42,0.0,3.98751503143791e-86,0.0,1.0,0.0,2.0533687062300937e-134,6.123433550352086e-28
1002279,0,1.0,0.0,0.0,0.0,1.181122317727927e-89,0.0,0.0,0.0,0.0,0.0
817102,7,0.0,3.949878916340273e-24,0.0,1.3449128567714293e-25,0.0,5.2606673729372825e-180,0.0,1.0,0.0,0.0
864600,0,1.0,0.0,0.0,0.0,2.8768705338236474e-67,0.0,0.0,0.0,0.0,0.0
1003014,8,0.0,4.458039575619639e-185,3.103441372681528e-24,5.165281797305344e-210,2.7474137210235585e-196,1.2010049932398434e-65,1.5312191136055466e-150,0.0,1.0,2.2884746224858487e-144
32024,5,0.0,2.1436378361823638e-33,2.5934384270062612e-252,1.6323324791162567e-109,0.0,1.0,0.0,5.545609066236355e-141,1.606853812714592e-57,0.0
333162,0,1.0,0.0,0.0,0.0,5.5527723233237134e-55,0.0,0.0,0.0,0.0,0.0
332828,5,0.0,2.4895084548468004e-33,1.379332135073986e-252,2.193682833596046e-109,0.0,1.0,0.0,7.543711338133376e-141,1.0955756296642502e-57,0.0
815977,3,0.0,2.72034937039942e-230,0.0,1.0,0.0,0.0,0.0,3.530899496620676e-87,0.0,0.0
815822,9,1.774854549284677e-246,0.0,2.148206832739658e-206,0.0,1.5502453808725794e-32,0.0,3.8219257933520566e-75,0.0,0.0,1.0
1014019,0,1.0,0.0,0.0,0.0,4.5710431081070736e-57,0.0,0.0,0.0,0.0,0.0
1020920,2,0.0,8.200201792621058e-260,1.0,8.402528389069204e-250,4.636627543039463e-158,2.524466515384369e-122,1.825028536517454e-73,0.0,1.5003861088182391e-18,4.985559894575818e-99
813483,6,0.0,0.0,0.10156855405031602,7.80749142143629e-309,1.16890542808176e-101,1.070460690940725e-232,0.8984314459496835,0.0,1.3064644743513876e-69,5.448874692498177e-40
333750,6,0.0,0.0,1.8488491974197193e-06,1.895040395e-315,9.721601251145196e-101,4.534710884637766e-244,0.999998151150802,0.0,7.613417501602393e-77,2.136739369902113e-39
814498,0,1.0,0.0,0.0,0.0,4.2374639840934465e-45,0.0,0.0,0.0,0.0,1.151620042308886e-297
36159,2,0.0,0.0,0.9999999999998863,3.041454243717702e-300,3.4294237935057004e-115,1.0491571281364938e-211,1.1148922375380031e-13,0.0,5.762495942359134e-60,3.51198087770798e-53
333845,1,0.0,1.0,0.0,2.9267408052551407e-47,0.0,8.649550701007528e-81,0.0,1.5655614294788084e-22,4.9216671968359054e-241,0.0
334087,6,0.0,0.0,6.438899233138367e-34,0.0,3.417012402283766e-91,2.3815205776e-313,1.0,0.0,5.546301436099507e-121,6.504219993862478e-32
56490,8,0.0,2.8185910163620496e-198,2.4964833457463543e-14,3.5430973411505384e-216,2.1401686735315707e-184,2.7348735250933507e-74,1.2504177198250116e-127,0.0,0.9999999999999716,2.196755112111835e-130
332925,2,0.0,1.4721e-319,1.0,6.89398748630038e-281,1.8918413158633332e-137,1.3695871580541389e-172,2.1989219295813083e-39,0.0,1.588001831407352e-42,4.242856218985008e-76
815404,8,0.0,7.40317573911291e-99,2.4313167181344399e-91,1.4347386286160104e-157,1.15451077105594e-252,8.299182513975919e-12,1.1463596877463917e-298,1.2447809364235277e-263,0.9999999999917009,4.0119169087087417e-218
334227,9,1.0998969564836648e-211,0.0,1.013206311140433e-264,0.0,4.779406925662536e-22,0.0,3.456063576014167e-115,0.0,0.0,1.0
333673,6,0.0,0.0,3.6547195833558103e-44,0.0,6.760147549935404e-85,0.0,1.0,0.0,3.8112275868829374e-137,5.451291367098679e-27
818423,2,0.0,3.7880470057949496e-240,0.9999999997698623,3.150892047849873e-238,1.6543855316093585e-162,5.090091639000541e-106,5.693852075198975e-84,0.0,2.3013638092468323e-10,1.926038004284514e-104
35575,4,4.238812473124022e-118,0.0,0.0,0.0,1.0,0.0,1.035957675074e-312,0.0,0.0,1.4727062259311374e-23
829843,2,0.0,1.5341601896521794e-241,0.999999999832383,1.2830313520879326e-238,5.450730480656664e-162,2.202753579879296e-107,1.6832676868689333e-83,0.0,1.6761482039653585e-10,8.181993136610832e-104
27120,3,0.0,2.548154429382227e-181,0.0,1.0,0.0,0.0,0.0,1.8516578171317609e-57,0.0,0.0
1023424,9,2.7679836765136097e-263,0.0,4.262186079543971e-179,0.0,4.584759439322043e-37,0.0,3.6442672124903225e-57,0.0,1.6232472307084883e-305,1.0
334399,8,0.0,5.457731351696069e-159,7.947929677296624e-44,1.7730453194029321e-196,2.5878364278257155e-216,1.1877854884633351e-48,1.1347621892474287e-194,0.0,1.0,6.880183561406026e-169
17447,8,0.0,5.746551058760836e-161,2.875149805698964e-42,1.6003178701954537e-197,8.997934725830097e-215,6.352084226277506e-50,1.196699762119912e-190,0.0,1.0,5.718486827523922e-167
27769,4,3.569523994806168e-141,0.0,0.0,0.0,0.9999994937047207,0.0,8.531712750020416e-232,0.0,0.0,5.062952862585012e-07
27127,5,0.0,6.22584474813255e-34,4.8572942800621416e-250,4.9405390997570084e-110,0.0,1.0,0.0,5.3033891634734644e-142,6.28682579887584e-57,0.0
606794,0,1.0,0.0,0.0,0.0,3.1831676167594495e-40,0.0,0.0,0.0,0.0,8.215089172571374e-281
812097,4,4.8672597885277445e-71,0.0,0.0,0.0,1.0,0.0,0.0,0.0,0.0,4.044721050519491e-66
815861,6,0.0,0.0,1.0041974164546859e-64,0.0,6.99158542580225e-69,0.0,0.9999999999999787,0.0,6.799484018709746e-167,2.0632402791648553e-14
123125,2,0.0,8.912478358102739e-278,1.0,1.5702596829895977e-259,5.697291610793588e-153,1.610816757031394e-137,2.569793638777232e-63,0.0,1.9287454535572176e-25,7.07596479889745e-93
333704,0,1.0,0.0,0.0,0.0,1.4182608915980487e-30,0.0,0.0,0.0,0.0,5.928965149267214e-249
27180,9,2.5118934174587584e-297,0.0,5.634274606200707e-126,0.0,3.0100099652349744e-45,0.0,1.4041940459828789e-25,0.0,1.2006976555597257e-245,1.0
332825,5,0.0,2.5481925172720294e-43,1.5430997641700836e-221,1.4842600840001685e-118,0.0,1.0,0.0,3.0100114750357866e-160,3.570307650706241e-46,0.0
818679,4,9.379175754272438e-12,0.0,0.0,0.0,0.9999999999906208,0.0,0.0,0.0,0.0,1.0198994990822816e-142
727343,7,0.0,3.862628708540746e-07,0.0,4.497820954756094e-28,0.0,2.8800506544675463e-133,0.0,0.9999996137371276,0.0,0.0
36487,7,0.0,8.293495784244092e-05,0.0,3.3781467955327323e-28,0.0,5.21308963633855e-127,0.0,0.9999170650421587,7.92382e-318,0.0
333112,5,0.0,4.512535774956318e-28,6.037848725128004e-267,2.2077563962156656e-104,0.0,1.0,0.0,7.862291344132913e-131,3.3709897815500226e-63,0.0
333408,2,0.0,0.0,0.9999999951769283,2.380840123295021e-303,4.749756744775148e-110,2.0256903804504168e-219,4.823072489047297e-09,0.0,4.4745846442944164e-63,3.854667616630016e-48
332811,5,0.0,1.7896422153884968e-74,3.467025383070207e-125,1.287681111908134e-140,1.1162436084971072e-273,0.9999999584550716,0.0,9.441510843808071e-224,4.1544931050522154e-08,4.1540609138675436e-247
817036,5,0.0,2.601182525525138e-60,3.74562146676131e-170,5.289614014289521e-132,6.183293472333108e-303,1.0,0.0,3.760250512428483e-194,3.451670594532674e-26,2.4314718344467587e-285
815862,8,0.0,4.1107953109069683e-112,3.1925949265247737e-81,1.4183278872962965e-166,9.130909962751971e-246,8.091341701928414e-20,1.5469596114792013e-275,1.1528246282616128e-283,1.0,4.594044348912943e-208
332760,4,0.0009629307127667937,0.0,0.0,0.0,0.9990370692872296,0.0,0.0,0.0,0.0,7.061409092279136e-156
19303,2,0.0,1.2233217809238906e-291,1.0,7.065154177059499e-267,2.8466246018614634e-148,3.4549541174427308e-149,8.450785182347612e-56,0.0,6.6438602964395825e-31,1.4318985919829106e-87
818337,5,0.0,1.2478277563241922e-52,3.838082961151278e-194,3.7492589740277543e-126,4.742311e-317,1.0,0.0,1.241564830039273e-178,1.1755116351050298e-35,1.798078503423448e-304
1017879,0,1.0,0.0,0.0,0.0,2.4181154629715537e-57,0.0,0.0,0.0,0.0,0.0
1027385,4,1.5396078682683696e-35,0.0,0.0,0.0,1.0,0.0,0.0,0.0,0.0,3.6619833287151774e-108
581397,1,0.0,0.9996241501005564,0.0,1.6219099059569672e-31,0.0,3.393076115139485e-110,0.0,0.00037584989944700254,1.5292711935606275e-292,0.0
1002428,0,1.0,0.0,0.0,0.0,2.3080882292578286e-79,0.0,0.0,0.0,0.0,0.0
1022356,4,1.255301656274121e-16,0.0,0.0,0.0,1.0,0.0,0.0,0.0,0.0,3.1031167998556064e-135
1024395,0,1.0,0.0,0.0,0.0,1.7352550348253937e-58,0.0,0.0,0.0,0.0,0.0
34520,4,5.5940271278764925e-93,0.0,0.0,0.0,1.0,0.0,0.0,0.0,0.0,1.1754570357039418e-44
334068,5,0.0,1.3096461393372717e-68,9.143127836116585e-144,2.3465261548502624e-137,1.0982322004257386e-286,1.0,0.0,2.8256846601663717e-211,1.021404153876246e-15,8.840411802387148e-264
67062,5,0.0,2.0900338347123613e-56,5.4760502433112986e-183,4.4942153849677377e-129,3.7100858090521e-310,1.0,0.0,3.3430910089693613e-186,4.960893565458456e-31,5.909806130025747e-295
1025342,9,1.641609330912742e-227,0.0,7.186193499951248e-238,0.0,5.381863365704877e-27,0.0,3.669045949480379e-96,0.0,0.0,1.0
332790,2,0.0,4.326575685541946e-248,0.9999999999998508,8.149867760119237e-243,4.537616305828621e-161,1.0188107425497021e-112,5.1099255450816575e-80,0.0,1.5217860706780914e-13,1.191780476819425e-102
1002422,9,3.51388001991585e-232,0.0,4.662522779719751e-230,0.0,2.0659232614451036e-28,0.0,3.127002995004935e-91,0.0,0.0,1.0
334684,6,0.0,0.0,6.92764794212082e-16,0.0,1.7659338478116904e-98,1.8193668680596343e-267,1.0,0.0,7.225484578581846e-92,1.1191000661900079e-37
1002756,0,1.0,0.0,0.0,0.0,5.919216624561733e-79,0.0,0.0,0.0,0.0,0.0
1028244,2,0.0,1.1403211437783523e-284,1.0,2.700502559337537e-263,1.2064363170329277e-150,2.7894434841346684e-143,1.197464804028508e-59,0.0,3.6261381996241993e-28,3.2222065130064145e-90
39649,1,0.0,1.0,0.0,1.3216959257781148e-43,0.0,4.113223567003748e-88,0.0,7.674844824721787e-18,7.23056872730816e-254,0.0
333717,2,0.0,8.691073931450931e-249,0.9999999999999076,4.095856581893269e-243,7.125168879201328e-161,2.4351871126189347e-113,1.298647452078964e-79,0.0,9.270314520160207e-14,2.0654919714135354e-102
611888,2,0.0,4.698941671539079e-272,1.0,2.171721456442013e-256,3.178920305471168e-154,1.1084141012263361e-132,7.727931671223412e-67,0.0,5.112611605281776e-23,2.3427141405095803e-94
332793,9,3.726575493494113e-305,0.0,3.0465538424689993e-113,0.0,6.095205253071161e-47,0.0,1.4855446404915398e-18,0.0,4.560042643033445e-231,1.0
334671,0,1.0,0.0,0.0,0.0,1.5201826247091337e-83,0.0,0.0,0.0,0.0,0.0
813478,2,0.0,0.0,0.9999999997665938,3.6761476241518214e-302,6.639739280637933e-112,3.0127840228647192e-217,2.334056879965781e-10,0.0,6.445360601627723e-62,6.118469794198486e-50
1002750,4,2.3828365457493342e-89,0.0,0.0,0.0,1.0,0.0,0.0,0.0,0.0,6.591126383704225e-48
1020780,4,2.3432704591658628e-82,0.0,0.0,0.0,1.0,0.0,0.0,0.0,0.0,1.1440193743329225e-54
752744,5,0.0,2.071923387463367e-25,7.310920230879599e-275,1.3813647404232792e-101,0.0,1.0,0.0,8.503803402107906e-126,2.6513675316194666e-66,0.0
814594,0,1.0,0.0,0.0,0.0,3.3790082567737925e-46,0.0,0.0,0.0,0.0,1.3922502697922344e-301
25462,5,0.0,2.245398743434984e-25,1.1915016020929529e-274,1.005130925459878e-101,0.0,1.0,0.0,9.601139245823246e-126,5.774635258020779e-66,0.0
818944,0,1.0,0.0,0.0,0.0,9.403680849368891e-67,0.0,0.0,0.0,0.0,0.0
1002439,4,1.8964151626274889e-72,0.0,0.0,0.0,1.0,0.0,0.0,0.0,0.0,1.3011985888430602e-64
23861,0,1.0,0.0,0.0,0.0,1.1598422374680682e-54,0.0,0.0,0.0,0.0,0.0
815826,4,2.649356453303728e-20,0.0,0.0,0.0,1.0,0.0,0.0,0.0,0.0,1.2155529446409052e-129
985156,6,0.0,0.0,2.2835700288008705e-66,0.0,2.424730605682509e-66,0.0,0.9999999999974847,0.0,2.2102184954577776e-170,2.517376369220759e-12
1002434,0,0.8250057229272292,0.0,0.0,0.0,0.17499427707277648,0.0,0.0,0.0,0.0,6.459439852583295e-163
927726,0,1.0,0.0,0.0,0.0,2.402751429059714e-27,0.0,0.0,0.0,0.0,9.688772949809977e-239
1004643,0,1.0,0.0,0.0,0.0,4.989348868016241e-48,0.0,0.0,0.0,0.0,4.3705405897603875e-308
27213,0,1.0,0.0,0.0,0.0,1.440979703374856e-19,0.0,0.0,0.0,0.0,7.893089334553897e-215
1024296,0,1.0,0.0,0.0,0.0,2.6828952484411896e-71,0.0,0.0,0.0,0.0,0.0
629576,0,1.0,0.0,0.0,0.0,1.5830196489384922e-77,0.0,0.0,0.0,0.0,0.0
